# MAGICC6 RCP4.5,,,,,,,
# TOTAL_INCLVOLCANIC_RF W/m2,,,,,,,
year,value,vtag,units,ctag,type,Scenario,model
1765,0.00E+00,Ftot,W/m2,forcing,Simulated,rcp45,MAGICC6
1766,1.96E-02,Ftot,W/m2,forcing,Simulated,rcp45,MAGICC6
1767,6.16E-02,Ftot,W/m2,forcing,Simulated,rcp45,MAGICC6
1768,3.13E-02,Ftot,W/m2,forcing,Simulated,rcp45,MAGICC6
1769,-1.21E-02,Ftot,W/m2,forcing,Simulated,rcp45,MAGICC6
1770,3.28E-02,Ftot,W/m2,forcing,Simulated,rcp45,MAGICC6
1771,7.06E-02,Ftot,W/m2,forcing,Simulated,rcp45,MAGICC6
1772,6.43E-02,Ftot,W/m2,forcing,Simulated,rcp45,MAGICC6
1773,5.23E-02,Ftot,W/m2,forcing,Simulated,rcp45,MAGICC6
1774,3.90E-02,Ftot,W/m2,forcing,Simulated,rcp45,MAGICC6
1775,3.38E-02,Ftot,W/m2,forcing,Simulated,rcp45,MAGICC6
1776,5.50E-02,Ftot,W/m2,forcing,Simulated,rcp45,MAGICC6
1777,9.16E-02,Ftot,W/m2,forcing,Simulated,rcp45,MAGICC6
1778,1.19E-01,Ftot,W/m2,forcing,Simulated,rcp45,MAGICC6
1779,1.11E-01,Ftot,W/m2,forcing,Simulated,rcp45,MAGICC6
1780,1.07E-01,Ftot,W/m2,forcing,Simulated,rcp45,MAGICC6
1781,9.51E-02,Ftot,W/m2,forcing,Simulated,rcp45,MAGICC6
1782,2.20E-02,Ftot,W/m2,forcing,Simulated,rcp45,MAGICC6
1783,-1.36E-01,Ftot,W/m2,forcing,Simulated,rcp45,MAGICC6
1784,-1.49E-01,Ftot,W/m2,forcing,Simulated,rcp45,MAGICC6
1785,8.68E-03,Ftot,W/m2,forcing,Simulated,rcp45,MAGICC6
1786,1.06E-01,Ftot,W/m2,forcing,Simulated,rcp45,MAGICC6
1787,1.36E-01,Ftot,W/m2,forcing,Simulated,rcp45,MAGICC6
1788,1.23E-01,Ftot,W/m2,forcing,Simulated,rcp45,MAGICC6
1789,-8.59E-02,Ftot,W/m2,forcing,Simulated,rcp45,MAGICC6
1790,-2.01E-01,Ftot,W/m2,forcing,Simulated,rcp45,MAGICC6
1791,-4.76E-02,Ftot,W/m2,forcing,Simulated,rcp45,MAGICC6
1792,4.83E-02,Ftot,W/m2,forcing,Simulated,rcp45,MAGICC6
1793,7.60E-02,Ftot,W/m2,forcing,Simulated,rcp45,MAGICC6
1794,4.26E-02,Ftot,W/m2,forcing,Simulated,rcp45,MAGICC6
1795,6.17E-03,Ftot,W/m2,forcing,Simulated,rcp45,MAGICC6
1796,1.90E-02,Ftot,W/m2,forcing,Simulated,rcp45,MAGICC6
1797,4.02E-02,Ftot,W/m2,forcing,Simulated,rcp45,MAGICC6
1798,4.99E-02,Ftot,W/m2,forcing,Simulated,rcp45,MAGICC6
1799,5.65E-02,Ftot,W/m2,forcing,Simulated,rcp45,MAGICC6
1800,8.55E-02,Ftot,W/m2,forcing,Simulated,rcp45,MAGICC6
1801,1.01E-01,Ftot,W/m2,forcing,Simulated,rcp45,MAGICC6
1802,7.98E-02,Ftot,W/m2,forcing,Simulated,rcp45,MAGICC6
1803,7.19E-02,Ftot,W/m2,forcing,Simulated,rcp45,MAGICC6
1804,7.57E-02,Ftot,W/m2,forcing,Simulated,rcp45,MAGICC6
1805,7.05E-02,Ftot,W/m2,forcing,Simulated,rcp45,MAGICC6
1806,5.77E-02,Ftot,W/m2,forcing,Simulated,rcp45,MAGICC6
1807,5.21E-02,Ftot,W/m2,forcing,Simulated,rcp45,MAGICC6
1808,-9.30E-01,Ftot,W/m2,forcing,Simulated,rcp45,MAGICC6
1809,-2.23E+00,Ftot,W/m2,forcing,Simulated,rcp45,MAGICC6
1810,-1.73E+00,Ftot,W/m2,forcing,Simulated,rcp45,MAGICC6
1811,-6.43E-01,Ftot,W/m2,forcing,Simulated,rcp45,MAGICC6
1812,-3.80E-01,Ftot,W/m2,forcing,Simulated,rcp45,MAGICC6
1813,-2.41E-01,Ftot,W/m2,forcing,Simulated,rcp45,MAGICC6
1814,-1.42E+00,Ftot,W/m2,forcing,Simulated,rcp45,MAGICC6
1815,-3.17E+00,Ftot,W/m2,forcing,Simulated,rcp45,MAGICC6
1816,-2.42E+00,Ftot,W/m2,forcing,Simulated,rcp45,MAGICC6
1817,-8.29E-01,Ftot,W/m2,forcing,Simulated,rcp45,MAGICC6
1818,-1.67E-01,Ftot,W/m2,forcing,Simulated,rcp45,MAGICC6
1819,7.32E-02,Ftot,W/m2,forcing,Simulated,rcp45,MAGICC6
1820,8.56E-02,Ftot,W/m2,forcing,Simulated,rcp45,MAGICC6
1821,8.74E-02,Ftot,W/m2,forcing,Simulated,rcp45,MAGICC6
1822,9.07E-02,Ftot,W/m2,forcing,Simulated,rcp45,MAGICC6
1823,9.55E-02,Ftot,W/m2,forcing,Simulated,rcp45,MAGICC6
1824,1.07E-01,Ftot,W/m2,forcing,Simulated,rcp45,MAGICC6
1825,1.23E-01,Ftot,W/m2,forcing,Simulated,rcp45,MAGICC6
1826,1.44E-01,Ftot,W/m2,forcing,Simulated,rcp45,MAGICC6
1827,1.62E-01,Ftot,W/m2,forcing,Simulated,rcp45,MAGICC6
1828,1.64E-01,Ftot,W/m2,forcing,Simulated,rcp45,MAGICC6
1829,1.10E-01,Ftot,W/m2,forcing,Simulated,rcp45,MAGICC6
1830,-2.72E-01,Ftot,W/m2,forcing,Simulated,rcp45,MAGICC6
1831,-6.79E-01,Ftot,W/m2,forcing,Simulated,rcp45,MAGICC6
1832,-4.88E-01,Ftot,W/m2,forcing,Simulated,rcp45,MAGICC6
1833,-1.01E-01,Ftot,W/m2,forcing,Simulated,rcp45,MAGICC6
1834,-7.94E-01,Ftot,W/m2,forcing,Simulated,rcp45,MAGICC6
1835,-1.31E+00,Ftot,W/m2,forcing,Simulated,rcp45,MAGICC6
1836,-6.26E-01,Ftot,W/m2,forcing,Simulated,rcp45,MAGICC6
1837,-8.84E-02,Ftot,W/m2,forcing,Simulated,rcp45,MAGICC6
1838,1.22E-01,Ftot,W/m2,forcing,Simulated,rcp45,MAGICC6
1839,1.40E-01,Ftot,W/m2,forcing,Simulated,rcp45,MAGICC6
1840,8.19E-02,Ftot,W/m2,forcing,Simulated,rcp45,MAGICC6
1841,9.19E-02,Ftot,W/m2,forcing,Simulated,rcp45,MAGICC6
1842,8.31E-02,Ftot,W/m2,forcing,Simulated,rcp45,MAGICC6
1843,3.89E-02,Ftot,W/m2,forcing,Simulated,rcp45,MAGICC6
1844,7.34E-02,Ftot,W/m2,forcing,Simulated,rcp45,MAGICC6
1845,1.39E-01,Ftot,W/m2,forcing,Simulated,rcp45,MAGICC6
1846,1.79E-01,Ftot,W/m2,forcing,Simulated,rcp45,MAGICC6
1847,2.16E-01,Ftot,W/m2,forcing,Simulated,rcp45,MAGICC6
1848,2.37E-01,Ftot,W/m2,forcing,Simulated,rcp45,MAGICC6
1849,1.88E-01,Ftot,W/m2,forcing,Simulated,rcp45,MAGICC6
1850,1.58E-01,Ftot,W/m2,forcing,Simulated,rcp45,MAGICC6
1851,1.75E-01,Ftot,W/m2,forcing,Simulated,rcp45,MAGICC6
1852,1.62E-01,Ftot,W/m2,forcing,Simulated,rcp45,MAGICC6
1853,1.60E-01,Ftot,W/m2,forcing,Simulated,rcp45,MAGICC6
1854,1.43E-01,Ftot,W/m2,forcing,Simulated,rcp45,MAGICC6
1855,-1.22E-01,Ftot,W/m2,forcing,Simulated,rcp45,MAGICC6
1856,-7.65E-01,Ftot,W/m2,forcing,Simulated,rcp45,MAGICC6
1857,-5.89E-01,Ftot,W/m2,forcing,Simulated,rcp45,MAGICC6
1858,-6.96E-02,Ftot,W/m2,forcing,Simulated,rcp45,MAGICC6
1859,1.29E-01,Ftot,W/m2,forcing,Simulated,rcp45,MAGICC6
1860,1.88E-01,Ftot,W/m2,forcing,Simulated,rcp45,MAGICC6
1861,6.30E-02,Ftot,W/m2,forcing,Simulated,rcp45,MAGICC6
1862,-1.17E-02,Ftot,W/m2,forcing,Simulated,rcp45,MAGICC6
1863,7.46E-02,Ftot,W/m2,forcing,Simulated,rcp45,MAGICC6
1864,1.33E-01,Ftot,W/m2,forcing,Simulated,rcp45,MAGICC6
1865,1.44E-01,Ftot,W/m2,forcing,Simulated,rcp45,MAGICC6
1866,1.42E-01,Ftot,W/m2,forcing,Simulated,rcp45,MAGICC6
1867,1.53E-01,Ftot,W/m2,forcing,Simulated,rcp45,MAGICC6
1868,1.92E-01,Ftot,W/m2,forcing,Simulated,rcp45,MAGICC6
1869,2.25E-01,Ftot,W/m2,forcing,Simulated,rcp45,MAGICC6
1870,2.50E-01,Ftot,W/m2,forcing,Simulated,rcp45,MAGICC6
1871,2.22E-01,Ftot,W/m2,forcing,Simulated,rcp45,MAGICC6
1872,1.58E-01,Ftot,W/m2,forcing,Simulated,rcp45,MAGICC6
1873,1.16E-01,Ftot,W/m2,forcing,Simulated,rcp45,MAGICC6
1874,1.26E-01,Ftot,W/m2,forcing,Simulated,rcp45,MAGICC6
1875,7.39E-02,Ftot,W/m2,forcing,Simulated,rcp45,MAGICC6
1876,3.78E-02,Ftot,W/m2,forcing,Simulated,rcp45,MAGICC6
1877,8.33E-02,Ftot,W/m2,forcing,Simulated,rcp45,MAGICC6
1878,1.20E-01,Ftot,W/m2,forcing,Simulated,rcp45,MAGICC6
1879,1.51E-01,Ftot,W/m2,forcing,Simulated,rcp45,MAGICC6
1880,1.84E-01,Ftot,W/m2,forcing,Simulated,rcp45,MAGICC6
1881,2.10E-01,Ftot,W/m2,forcing,Simulated,rcp45,MAGICC6
1882,4.89E-03,Ftot,W/m2,forcing,Simulated,rcp45,MAGICC6
1883,-1.60E+00,Ftot,W/m2,forcing,Simulated,rcp45,MAGICC6
1884,-1.47E+00,Ftot,W/m2,forcing,Simulated,rcp45,MAGICC6
1885,-4.31E-01,Ftot,W/m2,forcing,Simulated,rcp45,MAGICC6
1886,-5.05E-01,Ftot,W/m2,forcing,Simulated,rcp45,MAGICC6
1887,-1.94E-01,Ftot,W/m2,forcing,Simulated,rcp45,MAGICC6
1888,-3.04E-01,Ftot,W/m2,forcing,Simulated,rcp45,MAGICC6
1889,-3.30E-01,Ftot,W/m2,forcing,Simulated,rcp45,MAGICC6
1890,-3.82E-01,Ftot,W/m2,forcing,Simulated,rcp45,MAGICC6
1891,-1.39E-01,Ftot,W/m2,forcing,Simulated,rcp45,MAGICC6
1892,1.72E-02,Ftot,W/m2,forcing,Simulated,rcp45,MAGICC6
1893,1.99E-01,Ftot,W/m2,forcing,Simulated,rcp45,MAGICC6
1894,2.54E-01,Ftot,W/m2,forcing,Simulated,rcp45,MAGICC6
1895,1.51E-01,Ftot,W/m2,forcing,Simulated,rcp45,MAGICC6
1896,-9.06E-02,Ftot,W/m2,forcing,Simulated,rcp45,MAGICC6
1897,-4.80E-02,Ftot,W/m2,forcing,Simulated,rcp45,MAGICC6
1898,1.01E-01,Ftot,W/m2,forcing,Simulated,rcp45,MAGICC6
1899,1.71E-01,Ftot,W/m2,forcing,Simulated,rcp45,MAGICC6
1900,1.94E-01,Ftot,W/m2,forcing,Simulated,rcp45,MAGICC6
1901,1.38E-01,Ftot,W/m2,forcing,Simulated,rcp45,MAGICC6
1902,-6.86E-01,Ftot,W/m2,forcing,Simulated,rcp45,MAGICC6
1903,-5.85E-01,Ftot,W/m2,forcing,Simulated,rcp45,MAGICC6
1904,-4.29E-02,Ftot,W/m2,forcing,Simulated,rcp45,MAGICC6
1905,1.48E-01,Ftot,W/m2,forcing,Simulated,rcp45,MAGICC6
1906,1.66E-01,Ftot,W/m2,forcing,Simulated,rcp45,MAGICC6
1907,1.08E-01,Ftot,W/m2,forcing,Simulated,rcp45,MAGICC6
1908,2.01E-01,Ftot,W/m2,forcing,Simulated,rcp45,MAGICC6
1909,2.40E-01,Ftot,W/m2,forcing,Simulated,rcp45,MAGICC6
1910,2.44E-01,Ftot,W/m2,forcing,Simulated,rcp45,MAGICC6
1911,2.42E-01,Ftot,W/m2,forcing,Simulated,rcp45,MAGICC6
1912,-2.31E-01,Ftot,W/m2,forcing,Simulated,rcp45,MAGICC6
1913,5.16E-02,Ftot,W/m2,forcing,Simulated,rcp45,MAGICC6
1914,2.59E-01,Ftot,W/m2,forcing,Simulated,rcp45,MAGICC6
1915,3.65E-01,Ftot,W/m2,forcing,Simulated,rcp45,MAGICC6
1916,4.09E-01,Ftot,W/m2,forcing,Simulated,rcp45,MAGICC6
1917,4.37E-01,Ftot,W/m2,forcing,Simulated,rcp45,MAGICC6
1918,4.24E-01,Ftot,W/m2,forcing,Simulated,rcp45,MAGICC6
1919,3.93E-01,Ftot,W/m2,forcing,Simulated,rcp45,MAGICC6
1920,2.19E-01,Ftot,W/m2,forcing,Simulated,rcp45,MAGICC6
1921,3.43E-01,Ftot,W/m2,forcing,Simulated,rcp45,MAGICC6
1922,3.90E-01,Ftot,W/m2,forcing,Simulated,rcp45,MAGICC6
1923,3.83E-01,Ftot,W/m2,forcing,Simulated,rcp45,MAGICC6
1924,3.96E-01,Ftot,W/m2,forcing,Simulated,rcp45,MAGICC6
1925,4.53E-01,Ftot,W/m2,forcing,Simulated,rcp45,MAGICC6
1926,4.84E-01,Ftot,W/m2,forcing,Simulated,rcp45,MAGICC6
1927,4.93E-01,Ftot,W/m2,forcing,Simulated,rcp45,MAGICC6
1928,3.91E-01,Ftot,W/m2,forcing,Simulated,rcp45,MAGICC6
1929,3.92E-01,Ftot,W/m2,forcing,Simulated,rcp45,MAGICC6
1930,4.48E-01,Ftot,W/m2,forcing,Simulated,rcp45,MAGICC6
1931,4.44E-01,Ftot,W/m2,forcing,Simulated,rcp45,MAGICC6
1932,3.81E-01,Ftot,W/m2,forcing,Simulated,rcp45,MAGICC6
1933,4.68E-01,Ftot,W/m2,forcing,Simulated,rcp45,MAGICC6
1934,5.02E-01,Ftot,W/m2,forcing,Simulated,rcp45,MAGICC6
1935,5.80E-01,Ftot,W/m2,forcing,Simulated,rcp45,MAGICC6
1936,6.18E-01,Ftot,W/m2,forcing,Simulated,rcp45,MAGICC6
1937,6.07E-01,Ftot,W/m2,forcing,Simulated,rcp45,MAGICC6
1938,5.95E-01,Ftot,W/m2,forcing,Simulated,rcp45,MAGICC6
1939,6.15E-01,Ftot,W/m2,forcing,Simulated,rcp45,MAGICC6
1940,6.17E-01,Ftot,W/m2,forcing,Simulated,rcp45,MAGICC6
1941,5.99E-01,Ftot,W/m2,forcing,Simulated,rcp45,MAGICC6
1942,5.29E-01,Ftot,W/m2,forcing,Simulated,rcp45,MAGICC6
1943,5.52E-01,Ftot,W/m2,forcing,Simulated,rcp45,MAGICC6
1944,5.86E-01,Ftot,W/m2,forcing,Simulated,rcp45,MAGICC6
1945,6.30E-01,Ftot,W/m2,forcing,Simulated,rcp45,MAGICC6
1946,6.54E-01,Ftot,W/m2,forcing,Simulated,rcp45,MAGICC6
1947,6.60E-01,Ftot,W/m2,forcing,Simulated,rcp45,MAGICC6
1948,6.73E-01,Ftot,W/m2,forcing,Simulated,rcp45,MAGICC6
1949,6.19E-01,Ftot,W/m2,forcing,Simulated,rcp45,MAGICC6
1950,5.99E-01,Ftot,W/m2,forcing,Simulated,rcp45,MAGICC6
1951,5.39E-01,Ftot,W/m2,forcing,Simulated,rcp45,MAGICC6
1952,5.29E-01,Ftot,W/m2,forcing,Simulated,rcp45,MAGICC6
1953,4.98E-01,Ftot,W/m2,forcing,Simulated,rcp45,MAGICC6
1954,5.46E-01,Ftot,W/m2,forcing,Simulated,rcp45,MAGICC6
1955,6.19E-01,Ftot,W/m2,forcing,Simulated,rcp45,MAGICC6
1956,7.14E-01,Ftot,W/m2,forcing,Simulated,rcp45,MAGICC6
1957,7.55E-01,Ftot,W/m2,forcing,Simulated,rcp45,MAGICC6
1958,7.45E-01,Ftot,W/m2,forcing,Simulated,rcp45,MAGICC6
1959,7.28E-01,Ftot,W/m2,forcing,Simulated,rcp45,MAGICC6
1960,5.68E-01,Ftot,W/m2,forcing,Simulated,rcp45,MAGICC6
1961,4.70E-01,Ftot,W/m2,forcing,Simulated,rcp45,MAGICC6
1962,3.55E-01,Ftot,W/m2,forcing,Simulated,rcp45,MAGICC6
1963,-4.96E-01,Ftot,W/m2,forcing,Simulated,rcp45,MAGICC6
1964,-3.40E-01,Ftot,W/m2,forcing,Simulated,rcp45,MAGICC6
1965,2.01E-01,Ftot,W/m2,forcing,Simulated,rcp45,MAGICC6
1966,5.21E-01,Ftot,W/m2,forcing,Simulated,rcp45,MAGICC6
1967,5.52E-01,Ftot,W/m2,forcing,Simulated,rcp45,MAGICC6
1968,2.02E-01,Ftot,W/m2,forcing,Simulated,rcp45,MAGICC6
1969,4.84E-01,Ftot,W/m2,forcing,Simulated,rcp45,MAGICC6
1970,7.46E-01,Ftot,W/m2,forcing,Simulated,rcp45,MAGICC6
1971,8.63E-01,Ftot,W/m2,forcing,Simulated,rcp45,MAGICC6
1972,8.67E-01,Ftot,W/m2,forcing,Simulated,rcp45,MAGICC6
1973,7.93E-01,Ftot,W/m2,forcing,Simulated,rcp45,MAGICC6
1974,5.73E-01,Ftot,W/m2,forcing,Simulated,rcp45,MAGICC6
1975,6.06E-01,Ftot,W/m2,forcing,Simulated,rcp45,MAGICC6
1976,8.85E-01,Ftot,W/m2,forcing,Simulated,rcp45,MAGICC6
1977,1.05E+00,Ftot,W/m2,forcing,Simulated,rcp45,MAGICC6
1978,1.04E+00,Ftot,W/m2,forcing,Simulated,rcp45,MAGICC6
1979,1.21E+00,Ftot,W/m2,forcing,Simulated,rcp45,MAGICC6
1980,1.26E+00,Ftot,W/m2,forcing,Simulated,rcp45,MAGICC6
1981,1.09E+00,Ftot,W/m2,forcing,Simulated,rcp45,MAGICC6
1982,-1.28E-01,Ftot,W/m2,forcing,Simulated,rcp45,MAGICC6
1983,4.80E-01,Ftot,W/m2,forcing,Simulated,rcp45,MAGICC6
1984,9.59E-01,Ftot,W/m2,forcing,Simulated,rcp45,MAGICC6
1985,1.08E+00,Ftot,W/m2,forcing,Simulated,rcp45,MAGICC6
1986,1.14E+00,Ftot,W/m2,forcing,Simulated,rcp45,MAGICC6
1987,1.26E+00,Ftot,W/m2,forcing,Simulated,rcp45,MAGICC6
1988,1.42E+00,Ftot,W/m2,forcing,Simulated,rcp45,MAGICC6
1989,1.51E+00,Ftot,W/m2,forcing,Simulated,rcp45,MAGICC6
1990,1.51E+00,Ftot,W/m2,forcing,Simulated,rcp45,MAGICC6
1991,-3.64E-01,Ftot,W/m2,forcing,Simulated,rcp45,MAGICC6
1992,2.65E-01,Ftot,W/m2,forcing,Simulated,rcp45,MAGICC6
1993,1.06E+00,Ftot,W/m2,forcing,Simulated,rcp45,MAGICC6
1994,1.34E+00,Ftot,W/m2,forcing,Simulated,rcp45,MAGICC6
1995,1.47E+00,Ftot,W/m2,forcing,Simulated,rcp45,MAGICC6
1996,1.54E+00,Ftot,W/m2,forcing,Simulated,rcp45,MAGICC6
1997,1.63E+00,Ftot,W/m2,forcing,Simulated,rcp45,MAGICC6
1998,1.75E+00,Ftot,W/m2,forcing,Simulated,rcp45,MAGICC6
1999,1.85E+00,Ftot,W/m2,forcing,Simulated,rcp45,MAGICC6
2000,1.88E+00,Ftot,W/m2,forcing,Simulated,rcp45,MAGICC6
2001,1.91E+00,Ftot,W/m2,forcing,Simulated,rcp45,MAGICC6
2002,1.92E+00,Ftot,W/m2,forcing,Simulated,rcp45,MAGICC6
2003,1.90E+00,Ftot,W/m2,forcing,Simulated,rcp45,MAGICC6
2004,1.89E+00,Ftot,W/m2,forcing,Simulated,rcp45,MAGICC6
2005,1.91E+00,Ftot,W/m2,forcing,Simulated,rcp45,MAGICC6
2006,1.94E+00,Ftot,W/m2,forcing,Simulated,rcp45,MAGICC6
2007,1.97E+00,Ftot,W/m2,forcing,Simulated,rcp45,MAGICC6
2008,2.01E+00,Ftot,W/m2,forcing,Simulated,rcp45,MAGICC6
2009,2.14E+00,Ftot,W/m2,forcing,Simulated,rcp45,MAGICC6
2010,2.17E+00,Ftot,W/m2,forcing,Simulated,rcp45,MAGICC6
2011,2.21E+00,Ftot,W/m2,forcing,Simulated,rcp45,MAGICC6
2012,2.26E+00,Ftot,W/m2,forcing,Simulated,rcp45,MAGICC6
2013,2.30E+00,Ftot,W/m2,forcing,Simulated,rcp45,MAGICC6
2014,2.34E+00,Ftot,W/m2,forcing,Simulated,rcp45,MAGICC6
2015,2.38E+00,Ftot,W/m2,forcing,Simulated,rcp45,MAGICC6
2016,2.43E+00,Ftot,W/m2,forcing,Simulated,rcp45,MAGICC6
2017,2.47E+00,Ftot,W/m2,forcing,Simulated,rcp45,MAGICC6
2018,2.51E+00,Ftot,W/m2,forcing,Simulated,rcp45,MAGICC6
2019,2.56E+00,Ftot,W/m2,forcing,Simulated,rcp45,MAGICC6
2020,2.60E+00,Ftot,W/m2,forcing,Simulated,rcp45,MAGICC6
2021,2.64E+00,Ftot,W/m2,forcing,Simulated,rcp45,MAGICC6
2022,2.68E+00,Ftot,W/m2,forcing,Simulated,rcp45,MAGICC6
2023,2.72E+00,Ftot,W/m2,forcing,Simulated,rcp45,MAGICC6
2024,2.77E+00,Ftot,W/m2,forcing,Simulated,rcp45,MAGICC6
2025,2.81E+00,Ftot,W/m2,forcing,Simulated,rcp45,MAGICC6
2026,2.85E+00,Ftot,W/m2,forcing,Simulated,rcp45,MAGICC6
2027,2.89E+00,Ftot,W/m2,forcing,Simulated,rcp45,MAGICC6
2028,2.93E+00,Ftot,W/m2,forcing,Simulated,rcp45,MAGICC6
2029,2.97E+00,Ftot,W/m2,forcing,Simulated,rcp45,MAGICC6
2030,3.02E+00,Ftot,W/m2,forcing,Simulated,rcp45,MAGICC6
2031,3.06E+00,Ftot,W/m2,forcing,Simulated,rcp45,MAGICC6
2032,3.10E+00,Ftot,W/m2,forcing,Simulated,rcp45,MAGICC6
2033,3.14E+00,Ftot,W/m2,forcing,Simulated,rcp45,MAGICC6
2034,3.18E+00,Ftot,W/m2,forcing,Simulated,rcp45,MAGICC6
2035,3.22E+00,Ftot,W/m2,forcing,Simulated,rcp45,MAGICC6
2036,3.26E+00,Ftot,W/m2,forcing,Simulated,rcp45,MAGICC6
2037,3.30E+00,Ftot,W/m2,forcing,Simulated,rcp45,MAGICC6
2038,3.34E+00,Ftot,W/m2,forcing,Simulated,rcp45,MAGICC6
2039,3.38E+00,Ftot,W/m2,forcing,Simulated,rcp45,MAGICC6
2040,3.42E+00,Ftot,W/m2,forcing,Simulated,rcp45,MAGICC6
2041,3.45E+00,Ftot,W/m2,forcing,Simulated,rcp45,MAGICC6
2042,3.49E+00,Ftot,W/m2,forcing,Simulated,rcp45,MAGICC6
2043,3.53E+00,Ftot,W/m2,forcing,Simulated,rcp45,MAGICC6
2044,3.56E+00,Ftot,W/m2,forcing,Simulated,rcp45,MAGICC6
2045,3.59E+00,Ftot,W/m2,forcing,Simulated,rcp45,MAGICC6
2046,3.63E+00,Ftot,W/m2,forcing,Simulated,rcp45,MAGICC6
2047,3.66E+00,Ftot,W/m2,forcing,Simulated,rcp45,MAGICC6
2048,3.70E+00,Ftot,W/m2,forcing,Simulated,rcp45,MAGICC6
2049,3.73E+00,Ftot,W/m2,forcing,Simulated,rcp45,MAGICC6
2050,3.76E+00,Ftot,W/m2,forcing,Simulated,rcp45,MAGICC6
2051,3.79E+00,Ftot,W/m2,forcing,Simulated,rcp45,MAGICC6
2052,3.81E+00,Ftot,W/m2,forcing,Simulated,rcp45,MAGICC6
2053,3.84E+00,Ftot,W/m2,forcing,Simulated,rcp45,MAGICC6
2054,3.87E+00,Ftot,W/m2,forcing,Simulated,rcp45,MAGICC6
2055,3.89E+00,Ftot,W/m2,forcing,Simulated,rcp45,MAGICC6
2056,3.91E+00,Ftot,W/m2,forcing,Simulated,rcp45,MAGICC6
2057,3.94E+00,Ftot,W/m2,forcing,Simulated,rcp45,MAGICC6
2058,3.96E+00,Ftot,W/m2,forcing,Simulated,rcp45,MAGICC6
2059,3.98E+00,Ftot,W/m2,forcing,Simulated,rcp45,MAGICC6
2060,4.00E+00,Ftot,W/m2,forcing,Simulated,rcp45,MAGICC6
2061,4.02E+00,Ftot,W/m2,forcing,Simulated,rcp45,MAGICC6
2062,4.04E+00,Ftot,W/m2,forcing,Simulated,rcp45,MAGICC6
2063,4.05E+00,Ftot,W/m2,forcing,Simulated,rcp45,MAGICC6
2064,4.07E+00,Ftot,W/m2,forcing,Simulated,rcp45,MAGICC6
2065,4.09E+00,Ftot,W/m2,forcing,Simulated,rcp45,MAGICC6
2066,4.10E+00,Ftot,W/m2,forcing,Simulated,rcp45,MAGICC6
2067,4.11E+00,Ftot,W/m2,forcing,Simulated,rcp45,MAGICC6
2068,4.13E+00,Ftot,W/m2,forcing,Simulated,rcp45,MAGICC6
2069,4.14E+00,Ftot,W/m2,forcing,Simulated,rcp45,MAGICC6
2070,4.15E+00,Ftot,W/m2,forcing,Simulated,rcp45,MAGICC6
2071,4.16E+00,Ftot,W/m2,forcing,Simulated,rcp45,MAGICC6
2072,4.17E+00,Ftot,W/m2,forcing,Simulated,rcp45,MAGICC6
2073,4.18E+00,Ftot,W/m2,forcing,Simulated,rcp45,MAGICC6
2074,4.18E+00,Ftot,W/m2,forcing,Simulated,rcp45,MAGICC6
2075,4.19E+00,Ftot,W/m2,forcing,Simulated,rcp45,MAGICC6
2076,4.19E+00,Ftot,W/m2,forcing,Simulated,rcp45,MAGICC6
2077,4.20E+00,Ftot,W/m2,forcing,Simulated,rcp45,MAGICC6
2078,4.20E+00,Ftot,W/m2,forcing,Simulated,rcp45,MAGICC6
2079,4.20E+00,Ftot,W/m2,forcing,Simulated,rcp45,MAGICC6
2080,4.20E+00,Ftot,W/m2,forcing,Simulated,rcp45,MAGICC6
2081,4.20E+00,Ftot,W/m2,forcing,Simulated,rcp45,MAGICC6
2082,4.19E+00,Ftot,W/m2,forcing,Simulated,rcp45,MAGICC6
2083,4.19E+00,Ftot,W/m2,forcing,Simulated,rcp45,MAGICC6
2084,4.19E+00,Ftot,W/m2,forcing,Simulated,rcp45,MAGICC6
2085,4.19E+00,Ftot,W/m2,forcing,Simulated,rcp45,MAGICC6
2086,4.20E+00,Ftot,W/m2,forcing,Simulated,rcp45,MAGICC6
2087,4.20E+00,Ftot,W/m2,forcing,Simulated,rcp45,MAGICC6
2088,4.20E+00,Ftot,W/m2,forcing,Simulated,rcp45,MAGICC6
2089,4.20E+00,Ftot,W/m2,forcing,Simulated,rcp45,MAGICC6
2090,4.20E+00,Ftot,W/m2,forcing,Simulated,rcp45,MAGICC6
2091,4.21E+00,Ftot,W/m2,forcing,Simulated,rcp45,MAGICC6
2092,4.21E+00,Ftot,W/m2,forcing,Simulated,rcp45,MAGICC6
2093,4.21E+00,Ftot,W/m2,forcing,Simulated,rcp45,MAGICC6
2094,4.22E+00,Ftot,W/m2,forcing,Simulated,rcp45,MAGICC6
2095,4.22E+00,Ftot,W/m2,forcing,Simulated,rcp45,MAGICC6
2096,4.23E+00,Ftot,W/m2,forcing,Simulated,rcp45,MAGICC6
2097,4.23E+00,Ftot,W/m2,forcing,Simulated,rcp45,MAGICC6
2098,4.23E+00,Ftot,W/m2,forcing,Simulated,rcp45,MAGICC6
2099,4.24E+00,Ftot,W/m2,forcing,Simulated,rcp45,MAGICC6
2100,4.24E+00,Ftot,W/m2,forcing,Simulated,rcp45,MAGICC6
2101,4.25E+00,Ftot,W/m3,forcing,Simulated,rcp45,MAGICC6
2102,4.25E+00,Ftot,W/m4,forcing,Simulated,rcp45,MAGICC6
2103,4.26E+00,Ftot,W/m5,forcing,Simulated,rcp45,MAGICC6
2104,4.26E+00,Ftot,W/m6,forcing,Simulated,rcp45,MAGICC6
2105,4.26E+00,Ftot,W/m7,forcing,Simulated,rcp45,MAGICC6
2106,4.27E+00,Ftot,W/m8,forcing,Simulated,rcp45,MAGICC6
2107,4.27E+00,Ftot,W/m9,forcing,Simulated,rcp45,MAGICC6
2108,4.27E+00,Ftot,W/m10,forcing,Simulated,rcp45,MAGICC6
2109,4.27E+00,Ftot,W/m11,forcing,Simulated,rcp45,MAGICC6
2110,4.27E+00,Ftot,W/m12,forcing,Simulated,rcp45,MAGICC6
2111,4.28E+00,Ftot,W/m13,forcing,Simulated,rcp45,MAGICC6
2112,4.28E+00,Ftot,W/m14,forcing,Simulated,rcp45,MAGICC6
2113,4.28E+00,Ftot,W/m15,forcing,Simulated,rcp45,MAGICC6
2114,4.28E+00,Ftot,W/m16,forcing,Simulated,rcp45,MAGICC6
2115,4.28E+00,Ftot,W/m17,forcing,Simulated,rcp45,MAGICC6
2116,4.28E+00,Ftot,W/m18,forcing,Simulated,rcp45,MAGICC6
2117,4.28E+00,Ftot,W/m19,forcing,Simulated,rcp45,MAGICC6
2118,4.28E+00,Ftot,W/m20,forcing,Simulated,rcp45,MAGICC6
2119,4.28E+00,Ftot,W/m21,forcing,Simulated,rcp45,MAGICC6
2120,4.28E+00,Ftot,W/m22,forcing,Simulated,rcp45,MAGICC6
2121,4.28E+00,Ftot,W/m23,forcing,Simulated,rcp45,MAGICC6
2122,4.28E+00,Ftot,W/m24,forcing,Simulated,rcp45,MAGICC6
2123,4.28E+00,Ftot,W/m25,forcing,Simulated,rcp45,MAGICC6
2124,4.28E+00,Ftot,W/m26,forcing,Simulated,rcp45,MAGICC6
2125,4.28E+00,Ftot,W/m27,forcing,Simulated,rcp45,MAGICC6
2126,4.28E+00,Ftot,W/m28,forcing,Simulated,rcp45,MAGICC6
2127,4.28E+00,Ftot,W/m29,forcing,Simulated,rcp45,MAGICC6
2128,4.28E+00,Ftot,W/m30,forcing,Simulated,rcp45,MAGICC6
2129,4.28E+00,Ftot,W/m31,forcing,Simulated,rcp45,MAGICC6
2130,4.28E+00,Ftot,W/m32,forcing,Simulated,rcp45,MAGICC6
2131,4.28E+00,Ftot,W/m33,forcing,Simulated,rcp45,MAGICC6
2132,4.28E+00,Ftot,W/m34,forcing,Simulated,rcp45,MAGICC6
2133,4.28E+00,Ftot,W/m35,forcing,Simulated,rcp45,MAGICC6
2134,4.28E+00,Ftot,W/m36,forcing,Simulated,rcp45,MAGICC6
2135,4.28E+00,Ftot,W/m37,forcing,Simulated,rcp45,MAGICC6
2136,4.28E+00,Ftot,W/m38,forcing,Simulated,rcp45,MAGICC6
2137,4.28E+00,Ftot,W/m39,forcing,Simulated,rcp45,MAGICC6
2138,4.28E+00,Ftot,W/m40,forcing,Simulated,rcp45,MAGICC6
2139,4.28E+00,Ftot,W/m41,forcing,Simulated,rcp45,MAGICC6
2140,4.28E+00,Ftot,W/m42,forcing,Simulated,rcp45,MAGICC6
2141,4.28E+00,Ftot,W/m43,forcing,Simulated,rcp45,MAGICC6
2142,4.28E+00,Ftot,W/m44,forcing,Simulated,rcp45,MAGICC6
2143,4.28E+00,Ftot,W/m45,forcing,Simulated,rcp45,MAGICC6
2144,4.28E+00,Ftot,W/m46,forcing,Simulated,rcp45,MAGICC6
2145,4.28E+00,Ftot,W/m47,forcing,Simulated,rcp45,MAGICC6
2146,4.28E+00,Ftot,W/m48,forcing,Simulated,rcp45,MAGICC6
2147,4.28E+00,Ftot,W/m49,forcing,Simulated,rcp45,MAGICC6
2148,4.28E+00,Ftot,W/m50,forcing,Simulated,rcp45,MAGICC6
2149,4.28E+00,Ftot,W/m51,forcing,Simulated,rcp45,MAGICC6
2150,4.28E+00,Ftot,W/m52,forcing,Simulated,rcp45,MAGICC6
2151,4.27E+00,Ftot,W/m53,forcing,Simulated,rcp45,MAGICC6
2152,4.27E+00,Ftot,W/m54,forcing,Simulated,rcp45,MAGICC6
2153,4.27E+00,Ftot,W/m55,forcing,Simulated,rcp45,MAGICC6
2154,4.27E+00,Ftot,W/m56,forcing,Simulated,rcp45,MAGICC6
2155,4.27E+00,Ftot,W/m57,forcing,Simulated,rcp45,MAGICC6
2156,4.27E+00,Ftot,W/m58,forcing,Simulated,rcp45,MAGICC6
2157,4.27E+00,Ftot,W/m59,forcing,Simulated,rcp45,MAGICC6
2158,4.27E+00,Ftot,W/m60,forcing,Simulated,rcp45,MAGICC6
2159,4.27E+00,Ftot,W/m61,forcing,Simulated,rcp45,MAGICC6
2160,4.27E+00,Ftot,W/m62,forcing,Simulated,rcp45,MAGICC6
2161,4.27E+00,Ftot,W/m63,forcing,Simulated,rcp45,MAGICC6
2162,4.27E+00,Ftot,W/m64,forcing,Simulated,rcp45,MAGICC6
2163,4.27E+00,Ftot,W/m65,forcing,Simulated,rcp45,MAGICC6
2164,4.27E+00,Ftot,W/m66,forcing,Simulated,rcp45,MAGICC6
2165,4.27E+00,Ftot,W/m67,forcing,Simulated,rcp45,MAGICC6
2166,4.27E+00,Ftot,W/m68,forcing,Simulated,rcp45,MAGICC6
2167,4.27E+00,Ftot,W/m69,forcing,Simulated,rcp45,MAGICC6
2168,4.27E+00,Ftot,W/m70,forcing,Simulated,rcp45,MAGICC6
2169,4.27E+00,Ftot,W/m71,forcing,Simulated,rcp45,MAGICC6
2170,4.27E+00,Ftot,W/m72,forcing,Simulated,rcp45,MAGICC6
2171,4.27E+00,Ftot,W/m73,forcing,Simulated,rcp45,MAGICC6
2172,4.27E+00,Ftot,W/m74,forcing,Simulated,rcp45,MAGICC6
2173,4.27E+00,Ftot,W/m75,forcing,Simulated,rcp45,MAGICC6
2174,4.27E+00,Ftot,W/m76,forcing,Simulated,rcp45,MAGICC6
2175,4.27E+00,Ftot,W/m77,forcing,Simulated,rcp45,MAGICC6
2176,4.27E+00,Ftot,W/m78,forcing,Simulated,rcp45,MAGICC6
2177,4.27E+00,Ftot,W/m79,forcing,Simulated,rcp45,MAGICC6
2178,4.27E+00,Ftot,W/m80,forcing,Simulated,rcp45,MAGICC6
2179,4.27E+00,Ftot,W/m81,forcing,Simulated,rcp45,MAGICC6
2180,4.27E+00,Ftot,W/m82,forcing,Simulated,rcp45,MAGICC6
2181,4.27E+00,Ftot,W/m83,forcing,Simulated,rcp45,MAGICC6
2182,4.27E+00,Ftot,W/m84,forcing,Simulated,rcp45,MAGICC6
2183,4.27E+00,Ftot,W/m85,forcing,Simulated,rcp45,MAGICC6
2184,4.27E+00,Ftot,W/m86,forcing,Simulated,rcp45,MAGICC6
2185,4.27E+00,Ftot,W/m87,forcing,Simulated,rcp45,MAGICC6
2186,4.27E+00,Ftot,W/m88,forcing,Simulated,rcp45,MAGICC6
2187,4.27E+00,Ftot,W/m89,forcing,Simulated,rcp45,MAGICC6
2188,4.27E+00,Ftot,W/m90,forcing,Simulated,rcp45,MAGICC6
2189,4.27E+00,Ftot,W/m91,forcing,Simulated,rcp45,MAGICC6
2190,4.27E+00,Ftot,W/m92,forcing,Simulated,rcp45,MAGICC6
2191,4.27E+00,Ftot,W/m93,forcing,Simulated,rcp45,MAGICC6
2192,4.27E+00,Ftot,W/m94,forcing,Simulated,rcp45,MAGICC6
2193,4.27E+00,Ftot,W/m95,forcing,Simulated,rcp45,MAGICC6
2194,4.27E+00,Ftot,W/m96,forcing,Simulated,rcp45,MAGICC6
2195,4.27E+00,Ftot,W/m97,forcing,Simulated,rcp45,MAGICC6
2196,4.27E+00,Ftot,W/m98,forcing,Simulated,rcp45,MAGICC6
2197,4.27E+00,Ftot,W/m99,forcing,Simulated,rcp45,MAGICC6
2198,4.27E+00,Ftot,W/m100,forcing,Simulated,rcp45,MAGICC6
2199,4.27E+00,Ftot,W/m101,forcing,Simulated,rcp45,MAGICC6
2200,4.27E+00,Ftot,W/m102,forcing,Simulated,rcp45,MAGICC6
2201,4.27E+00,Ftot,W/m103,forcing,Simulated,rcp45,MAGICC6
2202,4.27E+00,Ftot,W/m104,forcing,Simulated,rcp45,MAGICC6
2203,4.27E+00,Ftot,W/m105,forcing,Simulated,rcp45,MAGICC6
2204,4.27E+00,Ftot,W/m106,forcing,Simulated,rcp45,MAGICC6
2205,4.27E+00,Ftot,W/m107,forcing,Simulated,rcp45,MAGICC6
2206,4.27E+00,Ftot,W/m108,forcing,Simulated,rcp45,MAGICC6
2207,4.27E+00,Ftot,W/m109,forcing,Simulated,rcp45,MAGICC6
2208,4.27E+00,Ftot,W/m110,forcing,Simulated,rcp45,MAGICC6
2209,4.27E+00,Ftot,W/m111,forcing,Simulated,rcp45,MAGICC6
2210,4.27E+00,Ftot,W/m112,forcing,Simulated,rcp45,MAGICC6
2211,4.27E+00,Ftot,W/m113,forcing,Simulated,rcp45,MAGICC6
2212,4.27E+00,Ftot,W/m114,forcing,Simulated,rcp45,MAGICC6
2213,4.27E+00,Ftot,W/m115,forcing,Simulated,rcp45,MAGICC6
2214,4.27E+00,Ftot,W/m116,forcing,Simulated,rcp45,MAGICC6
2215,4.27E+00,Ftot,W/m117,forcing,Simulated,rcp45,MAGICC6
2216,4.27E+00,Ftot,W/m118,forcing,Simulated,rcp45,MAGICC6
2217,4.27E+00,Ftot,W/m119,forcing,Simulated,rcp45,MAGICC6
2218,4.27E+00,Ftot,W/m120,forcing,Simulated,rcp45,MAGICC6
2219,4.27E+00,Ftot,W/m121,forcing,Simulated,rcp45,MAGICC6
2220,4.27E+00,Ftot,W/m122,forcing,Simulated,rcp45,MAGICC6
2221,4.27E+00,Ftot,W/m123,forcing,Simulated,rcp45,MAGICC6
2222,4.27E+00,Ftot,W/m124,forcing,Simulated,rcp45,MAGICC6
2223,4.27E+00,Ftot,W/m125,forcing,Simulated,rcp45,MAGICC6
2224,4.27E+00,Ftot,W/m126,forcing,Simulated,rcp45,MAGICC6
2225,4.27E+00,Ftot,W/m127,forcing,Simulated,rcp45,MAGICC6
2226,4.27E+00,Ftot,W/m128,forcing,Simulated,rcp45,MAGICC6
2227,4.27E+00,Ftot,W/m129,forcing,Simulated,rcp45,MAGICC6
2228,4.27E+00,Ftot,W/m130,forcing,Simulated,rcp45,MAGICC6
2229,4.27E+00,Ftot,W/m131,forcing,Simulated,rcp45,MAGICC6
2230,4.27E+00,Ftot,W/m132,forcing,Simulated,rcp45,MAGICC6
2231,4.27E+00,Ftot,W/m133,forcing,Simulated,rcp45,MAGICC6
2232,4.27E+00,Ftot,W/m134,forcing,Simulated,rcp45,MAGICC6
2233,4.27E+00,Ftot,W/m135,forcing,Simulated,rcp45,MAGICC6
2234,4.27E+00,Ftot,W/m136,forcing,Simulated,rcp45,MAGICC6
2235,4.27E+00,Ftot,W/m137,forcing,Simulated,rcp45,MAGICC6
2236,4.27E+00,Ftot,W/m138,forcing,Simulated,rcp45,MAGICC6
2237,4.27E+00,Ftot,W/m139,forcing,Simulated,rcp45,MAGICC6
2238,4.27E+00,Ftot,W/m140,forcing,Simulated,rcp45,MAGICC6
2239,4.27E+00,Ftot,W/m141,forcing,Simulated,rcp45,MAGICC6
2240,4.27E+00,Ftot,W/m142,forcing,Simulated,rcp45,MAGICC6
2241,4.27E+00,Ftot,W/m143,forcing,Simulated,rcp45,MAGICC6
2242,4.27E+00,Ftot,W/m144,forcing,Simulated,rcp45,MAGICC6
2243,4.27E+00,Ftot,W/m145,forcing,Simulated,rcp45,MAGICC6
2244,4.27E+00,Ftot,W/m146,forcing,Simulated,rcp45,MAGICC6
2245,4.27E+00,Ftot,W/m147,forcing,Simulated,rcp45,MAGICC6
2246,4.27E+00,Ftot,W/m148,forcing,Simulated,rcp45,MAGICC6
2247,4.27E+00,Ftot,W/m149,forcing,Simulated,rcp45,MAGICC6
2248,4.27E+00,Ftot,W/m150,forcing,Simulated,rcp45,MAGICC6
2249,4.27E+00,Ftot,W/m151,forcing,Simulated,rcp45,MAGICC6
2250,4.27E+00,Ftot,W/m152,forcing,Simulated,rcp45,MAGICC6
2251,4.27E+00,Ftot,W/m153,forcing,Simulated,rcp45,MAGICC6
2252,4.27E+00,Ftot,W/m154,forcing,Simulated,rcp45,MAGICC6
2253,4.27E+00,Ftot,W/m155,forcing,Simulated,rcp45,MAGICC6
2254,4.27E+00,Ftot,W/m156,forcing,Simulated,rcp45,MAGICC6
2255,4.27E+00,Ftot,W/m157,forcing,Simulated,rcp45,MAGICC6
2256,4.27E+00,Ftot,W/m158,forcing,Simulated,rcp45,MAGICC6
2257,4.27E+00,Ftot,W/m159,forcing,Simulated,rcp45,MAGICC6
2258,4.27E+00,Ftot,W/m160,forcing,Simulated,rcp45,MAGICC6
2259,4.27E+00,Ftot,W/m161,forcing,Simulated,rcp45,MAGICC6
2260,4.27E+00,Ftot,W/m162,forcing,Simulated,rcp45,MAGICC6
2261,4.27E+00,Ftot,W/m163,forcing,Simulated,rcp45,MAGICC6
2262,4.27E+00,Ftot,W/m164,forcing,Simulated,rcp45,MAGICC6
2263,4.27E+00,Ftot,W/m165,forcing,Simulated,rcp45,MAGICC6
2264,4.27E+00,Ftot,W/m166,forcing,Simulated,rcp45,MAGICC6
2265,4.27E+00,Ftot,W/m167,forcing,Simulated,rcp45,MAGICC6
2266,4.27E+00,Ftot,W/m168,forcing,Simulated,rcp45,MAGICC6
2267,4.27E+00,Ftot,W/m169,forcing,Simulated,rcp45,MAGICC6
2268,4.27E+00,Ftot,W/m170,forcing,Simulated,rcp45,MAGICC6
2269,4.27E+00,Ftot,W/m171,forcing,Simulated,rcp45,MAGICC6
2270,4.27E+00,Ftot,W/m172,forcing,Simulated,rcp45,MAGICC6
2271,4.27E+00,Ftot,W/m173,forcing,Simulated,rcp45,MAGICC6
2272,4.27E+00,Ftot,W/m174,forcing,Simulated,rcp45,MAGICC6
2273,4.27E+00,Ftot,W/m175,forcing,Simulated,rcp45,MAGICC6
2274,4.27E+00,Ftot,W/m176,forcing,Simulated,rcp45,MAGICC6
2275,4.27E+00,Ftot,W/m177,forcing,Simulated,rcp45,MAGICC6
2276,4.27E+00,Ftot,W/m178,forcing,Simulated,rcp45,MAGICC6
2277,4.27E+00,Ftot,W/m179,forcing,Simulated,rcp45,MAGICC6
2278,4.27E+00,Ftot,W/m180,forcing,Simulated,rcp45,MAGICC6
2279,4.27E+00,Ftot,W/m181,forcing,Simulated,rcp45,MAGICC6
2280,4.27E+00,Ftot,W/m182,forcing,Simulated,rcp45,MAGICC6
2281,4.27E+00,Ftot,W/m183,forcing,Simulated,rcp45,MAGICC6
2282,4.27E+00,Ftot,W/m184,forcing,Simulated,rcp45,MAGICC6
2283,4.27E+00,Ftot,W/m185,forcing,Simulated,rcp45,MAGICC6
2284,4.27E+00,Ftot,W/m186,forcing,Simulated,rcp45,MAGICC6
2285,4.27E+00,Ftot,W/m187,forcing,Simulated,rcp45,MAGICC6
2286,4.27E+00,Ftot,W/m188,forcing,Simulated,rcp45,MAGICC6
2287,4.27E+00,Ftot,W/m189,forcing,Simulated,rcp45,MAGICC6
2288,4.27E+00,Ftot,W/m190,forcing,Simulated,rcp45,MAGICC6
2289,4.27E+00,Ftot,W/m191,forcing,Simulated,rcp45,MAGICC6
2290,4.27E+00,Ftot,W/m192,forcing,Simulated,rcp45,MAGICC6
2291,4.27E+00,Ftot,W/m193,forcing,Simulated,rcp45,MAGICC6
2292,4.27E+00,Ftot,W/m194,forcing,Simulated,rcp45,MAGICC6
2293,4.27E+00,Ftot,W/m195,forcing,Simulated,rcp45,MAGICC6
2294,4.27E+00,Ftot,W/m196,forcing,Simulated,rcp45,MAGICC6
2295,4.27E+00,Ftot,W/m197,forcing,Simulated,rcp45,MAGICC6
2296,4.27E+00,Ftot,W/m198,forcing,Simulated,rcp45,MAGICC6
2297,4.27E+00,Ftot,W/m199,forcing,Simulated,rcp45,MAGICC6
2298,4.27E+00,Ftot,W/m200,forcing,Simulated,rcp45,MAGICC6
2299,4.27E+00,Ftot,W/m201,forcing,Simulated,rcp45,MAGICC6
2300,4.27E+00,Ftot,W/m202,forcing,Simulated,rcp45,MAGICC6
