# MAGICC 6 RCP 3PD,,,,,,,
# CO2 concentration (ppm),,,,,,,
year,value,vtag,ctag,units,type,scenario,model
1765,2.78E+02,atmos_CO2,carbon_cycle,ppmv CO2,Simulated,rcp26,MAGICC6
1766,2.78E+02,atmos_CO2,carbon_cycle,ppmv CO2,Simulated,rcp26,MAGICC6
1767,2.78E+02,atmos_CO2,carbon_cycle,ppmv CO2,Simulated,rcp26,MAGICC6
1768,2.78E+02,atmos_CO2,carbon_cycle,ppmv CO2,Simulated,rcp26,MAGICC6
1769,2.79E+02,atmos_CO2,carbon_cycle,ppmv CO2,Simulated,rcp26,MAGICC6
1770,2.79E+02,atmos_CO2,carbon_cycle,ppmv CO2,Simulated,rcp26,MAGICC6
1771,2.79E+02,atmos_CO2,carbon_cycle,ppmv CO2,Simulated,rcp26,MAGICC6
1772,2.79E+02,atmos_CO2,carbon_cycle,ppmv CO2,Simulated,rcp26,MAGICC6
1773,2.79E+02,atmos_CO2,carbon_cycle,ppmv CO2,Simulated,rcp26,MAGICC6
1774,2.79E+02,atmos_CO2,carbon_cycle,ppmv CO2,Simulated,rcp26,MAGICC6
1775,2.79E+02,atmos_CO2,carbon_cycle,ppmv CO2,Simulated,rcp26,MAGICC6
1776,2.80E+02,atmos_CO2,carbon_cycle,ppmv CO2,Simulated,rcp26,MAGICC6
1777,2.80E+02,atmos_CO2,carbon_cycle,ppmv CO2,Simulated,rcp26,MAGICC6
1778,2.80E+02,atmos_CO2,carbon_cycle,ppmv CO2,Simulated,rcp26,MAGICC6
1779,2.80E+02,atmos_CO2,carbon_cycle,ppmv CO2,Simulated,rcp26,MAGICC6
1780,2.80E+02,atmos_CO2,carbon_cycle,ppmv CO2,Simulated,rcp26,MAGICC6
1781,2.80E+02,atmos_CO2,carbon_cycle,ppmv CO2,Simulated,rcp26,MAGICC6
1782,2.80E+02,atmos_CO2,carbon_cycle,ppmv CO2,Simulated,rcp26,MAGICC6
1783,2.81E+02,atmos_CO2,carbon_cycle,ppmv CO2,Simulated,rcp26,MAGICC6
1784,2.81E+02,atmos_CO2,carbon_cycle,ppmv CO2,Simulated,rcp26,MAGICC6
1785,2.81E+02,atmos_CO2,carbon_cycle,ppmv CO2,Simulated,rcp26,MAGICC6
1786,2.81E+02,atmos_CO2,carbon_cycle,ppmv CO2,Simulated,rcp26,MAGICC6
1787,2.81E+02,atmos_CO2,carbon_cycle,ppmv CO2,Simulated,rcp26,MAGICC6
1788,2.81E+02,atmos_CO2,carbon_cycle,ppmv CO2,Simulated,rcp26,MAGICC6
1789,2.82E+02,atmos_CO2,carbon_cycle,ppmv CO2,Simulated,rcp26,MAGICC6
1790,2.82E+02,atmos_CO2,carbon_cycle,ppmv CO2,Simulated,rcp26,MAGICC6
1791,2.82E+02,atmos_CO2,carbon_cycle,ppmv CO2,Simulated,rcp26,MAGICC6
1792,2.82E+02,atmos_CO2,carbon_cycle,ppmv CO2,Simulated,rcp26,MAGICC6
1793,2.82E+02,atmos_CO2,carbon_cycle,ppmv CO2,Simulated,rcp26,MAGICC6
1794,2.82E+02,atmos_CO2,carbon_cycle,ppmv CO2,Simulated,rcp26,MAGICC6
1795,2.82E+02,atmos_CO2,carbon_cycle,ppmv CO2,Simulated,rcp26,MAGICC6
1796,2.82E+02,atmos_CO2,carbon_cycle,ppmv CO2,Simulated,rcp26,MAGICC6
1797,2.83E+02,atmos_CO2,carbon_cycle,ppmv CO2,Simulated,rcp26,MAGICC6
1798,2.83E+02,atmos_CO2,carbon_cycle,ppmv CO2,Simulated,rcp26,MAGICC6
1799,2.83E+02,atmos_CO2,carbon_cycle,ppmv CO2,Simulated,rcp26,MAGICC6
1800,2.83E+02,atmos_CO2,carbon_cycle,ppmv CO2,Simulated,rcp26,MAGICC6
1801,2.83E+02,atmos_CO2,carbon_cycle,ppmv CO2,Simulated,rcp26,MAGICC6
1802,2.83E+02,atmos_CO2,carbon_cycle,ppmv CO2,Simulated,rcp26,MAGICC6
1803,2.83E+02,atmos_CO2,carbon_cycle,ppmv CO2,Simulated,rcp26,MAGICC6
1804,2.83E+02,atmos_CO2,carbon_cycle,ppmv CO2,Simulated,rcp26,MAGICC6
1805,2.83E+02,atmos_CO2,carbon_cycle,ppmv CO2,Simulated,rcp26,MAGICC6
1806,2.84E+02,atmos_CO2,carbon_cycle,ppmv CO2,Simulated,rcp26,MAGICC6
1807,2.84E+02,atmos_CO2,carbon_cycle,ppmv CO2,Simulated,rcp26,MAGICC6
1808,2.84E+02,atmos_CO2,carbon_cycle,ppmv CO2,Simulated,rcp26,MAGICC6
1809,2.84E+02,atmos_CO2,carbon_cycle,ppmv CO2,Simulated,rcp26,MAGICC6
1810,2.84E+02,atmos_CO2,carbon_cycle,ppmv CO2,Simulated,rcp26,MAGICC6
1811,2.84E+02,atmos_CO2,carbon_cycle,ppmv CO2,Simulated,rcp26,MAGICC6
1812,2.84E+02,atmos_CO2,carbon_cycle,ppmv CO2,Simulated,rcp26,MAGICC6
1813,2.84E+02,atmos_CO2,carbon_cycle,ppmv CO2,Simulated,rcp26,MAGICC6
1814,2.84E+02,atmos_CO2,carbon_cycle,ppmv CO2,Simulated,rcp26,MAGICC6
1815,2.84E+02,atmos_CO2,carbon_cycle,ppmv CO2,Simulated,rcp26,MAGICC6
1816,2.84E+02,atmos_CO2,carbon_cycle,ppmv CO2,Simulated,rcp26,MAGICC6
1817,2.84E+02,atmos_CO2,carbon_cycle,ppmv CO2,Simulated,rcp26,MAGICC6
1818,2.84E+02,atmos_CO2,carbon_cycle,ppmv CO2,Simulated,rcp26,MAGICC6
1819,2.84E+02,atmos_CO2,carbon_cycle,ppmv CO2,Simulated,rcp26,MAGICC6
1820,2.84E+02,atmos_CO2,carbon_cycle,ppmv CO2,Simulated,rcp26,MAGICC6
1821,2.84E+02,atmos_CO2,carbon_cycle,ppmv CO2,Simulated,rcp26,MAGICC6
1822,2.84E+02,atmos_CO2,carbon_cycle,ppmv CO2,Simulated,rcp26,MAGICC6
1823,2.84E+02,atmos_CO2,carbon_cycle,ppmv CO2,Simulated,rcp26,MAGICC6
1824,2.84E+02,atmos_CO2,carbon_cycle,ppmv CO2,Simulated,rcp26,MAGICC6
1825,2.84E+02,atmos_CO2,carbon_cycle,ppmv CO2,Simulated,rcp26,MAGICC6
1826,2.84E+02,atmos_CO2,carbon_cycle,ppmv CO2,Simulated,rcp26,MAGICC6
1827,2.84E+02,atmos_CO2,carbon_cycle,ppmv CO2,Simulated,rcp26,MAGICC6
1828,2.84E+02,atmos_CO2,carbon_cycle,ppmv CO2,Simulated,rcp26,MAGICC6
1829,2.84E+02,atmos_CO2,carbon_cycle,ppmv CO2,Simulated,rcp26,MAGICC6
1830,2.84E+02,atmos_CO2,carbon_cycle,ppmv CO2,Simulated,rcp26,MAGICC6
1831,2.84E+02,atmos_CO2,carbon_cycle,ppmv CO2,Simulated,rcp26,MAGICC6
1832,2.84E+02,atmos_CO2,carbon_cycle,ppmv CO2,Simulated,rcp26,MAGICC6
1833,2.84E+02,atmos_CO2,carbon_cycle,ppmv CO2,Simulated,rcp26,MAGICC6
1834,2.84E+02,atmos_CO2,carbon_cycle,ppmv CO2,Simulated,rcp26,MAGICC6
1835,2.84E+02,atmos_CO2,carbon_cycle,ppmv CO2,Simulated,rcp26,MAGICC6
1836,2.84E+02,atmos_CO2,carbon_cycle,ppmv CO2,Simulated,rcp26,MAGICC6
1837,2.83E+02,atmos_CO2,carbon_cycle,ppmv CO2,Simulated,rcp26,MAGICC6
1838,2.83E+02,atmos_CO2,carbon_cycle,ppmv CO2,Simulated,rcp26,MAGICC6
1839,2.83E+02,atmos_CO2,carbon_cycle,ppmv CO2,Simulated,rcp26,MAGICC6
1840,2.83E+02,atmos_CO2,carbon_cycle,ppmv CO2,Simulated,rcp26,MAGICC6
1841,2.83E+02,atmos_CO2,carbon_cycle,ppmv CO2,Simulated,rcp26,MAGICC6
1842,2.84E+02,atmos_CO2,carbon_cycle,ppmv CO2,Simulated,rcp26,MAGICC6
1843,2.84E+02,atmos_CO2,carbon_cycle,ppmv CO2,Simulated,rcp26,MAGICC6
1844,2.84E+02,atmos_CO2,carbon_cycle,ppmv CO2,Simulated,rcp26,MAGICC6
1845,2.84E+02,atmos_CO2,carbon_cycle,ppmv CO2,Simulated,rcp26,MAGICC6
1846,2.84E+02,atmos_CO2,carbon_cycle,ppmv CO2,Simulated,rcp26,MAGICC6
1847,2.84E+02,atmos_CO2,carbon_cycle,ppmv CO2,Simulated,rcp26,MAGICC6
1848,2.85E+02,atmos_CO2,carbon_cycle,ppmv CO2,Simulated,rcp26,MAGICC6
1849,2.85E+02,atmos_CO2,carbon_cycle,ppmv CO2,Simulated,rcp26,MAGICC6
1850,2.85E+02,atmos_CO2,carbon_cycle,ppmv CO2,Simulated,rcp26,MAGICC6
1851,2.85E+02,atmos_CO2,carbon_cycle,ppmv CO2,Simulated,rcp26,MAGICC6
1852,2.85E+02,atmos_CO2,carbon_cycle,ppmv CO2,Simulated,rcp26,MAGICC6
1853,2.85E+02,atmos_CO2,carbon_cycle,ppmv CO2,Simulated,rcp26,MAGICC6
1854,2.85E+02,atmos_CO2,carbon_cycle,ppmv CO2,Simulated,rcp26,MAGICC6
1855,2.86E+02,atmos_CO2,carbon_cycle,ppmv CO2,Simulated,rcp26,MAGICC6
1856,2.86E+02,atmos_CO2,carbon_cycle,ppmv CO2,Simulated,rcp26,MAGICC6
1857,2.86E+02,atmos_CO2,carbon_cycle,ppmv CO2,Simulated,rcp26,MAGICC6
1858,2.86E+02,atmos_CO2,carbon_cycle,ppmv CO2,Simulated,rcp26,MAGICC6
1859,2.86E+02,atmos_CO2,carbon_cycle,ppmv CO2,Simulated,rcp26,MAGICC6
1860,2.86E+02,atmos_CO2,carbon_cycle,ppmv CO2,Simulated,rcp26,MAGICC6
1861,2.86E+02,atmos_CO2,carbon_cycle,ppmv CO2,Simulated,rcp26,MAGICC6
1862,2.87E+02,atmos_CO2,carbon_cycle,ppmv CO2,Simulated,rcp26,MAGICC6
1863,2.87E+02,atmos_CO2,carbon_cycle,ppmv CO2,Simulated,rcp26,MAGICC6
1864,2.87E+02,atmos_CO2,carbon_cycle,ppmv CO2,Simulated,rcp26,MAGICC6
1865,2.87E+02,atmos_CO2,carbon_cycle,ppmv CO2,Simulated,rcp26,MAGICC6
1866,2.87E+02,atmos_CO2,carbon_cycle,ppmv CO2,Simulated,rcp26,MAGICC6
1867,2.87E+02,atmos_CO2,carbon_cycle,ppmv CO2,Simulated,rcp26,MAGICC6
1868,2.87E+02,atmos_CO2,carbon_cycle,ppmv CO2,Simulated,rcp26,MAGICC6
1869,2.87E+02,atmos_CO2,carbon_cycle,ppmv CO2,Simulated,rcp26,MAGICC6
1870,2.88E+02,atmos_CO2,carbon_cycle,ppmv CO2,Simulated,rcp26,MAGICC6
1871,2.88E+02,atmos_CO2,carbon_cycle,ppmv CO2,Simulated,rcp26,MAGICC6
1872,2.88E+02,atmos_CO2,carbon_cycle,ppmv CO2,Simulated,rcp26,MAGICC6
1873,2.88E+02,atmos_CO2,carbon_cycle,ppmv CO2,Simulated,rcp26,MAGICC6
1874,2.89E+02,atmos_CO2,carbon_cycle,ppmv CO2,Simulated,rcp26,MAGICC6
1875,2.89E+02,atmos_CO2,carbon_cycle,ppmv CO2,Simulated,rcp26,MAGICC6
1876,2.89E+02,atmos_CO2,carbon_cycle,ppmv CO2,Simulated,rcp26,MAGICC6
1877,2.90E+02,atmos_CO2,carbon_cycle,ppmv CO2,Simulated,rcp26,MAGICC6
1878,2.90E+02,atmos_CO2,carbon_cycle,ppmv CO2,Simulated,rcp26,MAGICC6
1879,2.90E+02,atmos_CO2,carbon_cycle,ppmv CO2,Simulated,rcp26,MAGICC6
1880,2.91E+02,atmos_CO2,carbon_cycle,ppmv CO2,Simulated,rcp26,MAGICC6
1881,2.91E+02,atmos_CO2,carbon_cycle,ppmv CO2,Simulated,rcp26,MAGICC6
1882,2.92E+02,atmos_CO2,carbon_cycle,ppmv CO2,Simulated,rcp26,MAGICC6
1883,2.92E+02,atmos_CO2,carbon_cycle,ppmv CO2,Simulated,rcp26,MAGICC6
1884,2.93E+02,atmos_CO2,carbon_cycle,ppmv CO2,Simulated,rcp26,MAGICC6
1885,2.93E+02,atmos_CO2,carbon_cycle,ppmv CO2,Simulated,rcp26,MAGICC6
1886,2.93E+02,atmos_CO2,carbon_cycle,ppmv CO2,Simulated,rcp26,MAGICC6
1887,2.94E+02,atmos_CO2,carbon_cycle,ppmv CO2,Simulated,rcp26,MAGICC6
1888,2.94E+02,atmos_CO2,carbon_cycle,ppmv CO2,Simulated,rcp26,MAGICC6
1889,2.94E+02,atmos_CO2,carbon_cycle,ppmv CO2,Simulated,rcp26,MAGICC6
1890,2.94E+02,atmos_CO2,carbon_cycle,ppmv CO2,Simulated,rcp26,MAGICC6
1891,2.94E+02,atmos_CO2,carbon_cycle,ppmv CO2,Simulated,rcp26,MAGICC6
1892,2.95E+02,atmos_CO2,carbon_cycle,ppmv CO2,Simulated,rcp26,MAGICC6
1893,2.95E+02,atmos_CO2,carbon_cycle,ppmv CO2,Simulated,rcp26,MAGICC6
1894,2.95E+02,atmos_CO2,carbon_cycle,ppmv CO2,Simulated,rcp26,MAGICC6
1895,2.95E+02,atmos_CO2,carbon_cycle,ppmv CO2,Simulated,rcp26,MAGICC6
1896,2.95E+02,atmos_CO2,carbon_cycle,ppmv CO2,Simulated,rcp26,MAGICC6
1897,2.95E+02,atmos_CO2,carbon_cycle,ppmv CO2,Simulated,rcp26,MAGICC6
1898,2.95E+02,atmos_CO2,carbon_cycle,ppmv CO2,Simulated,rcp26,MAGICC6
1899,2.96E+02,atmos_CO2,carbon_cycle,ppmv CO2,Simulated,rcp26,MAGICC6
1900,2.96E+02,atmos_CO2,carbon_cycle,ppmv CO2,Simulated,rcp26,MAGICC6
1901,2.96E+02,atmos_CO2,carbon_cycle,ppmv CO2,Simulated,rcp26,MAGICC6
1902,2.97E+02,atmos_CO2,carbon_cycle,ppmv CO2,Simulated,rcp26,MAGICC6
1903,2.97E+02,atmos_CO2,carbon_cycle,ppmv CO2,Simulated,rcp26,MAGICC6
1904,2.97E+02,atmos_CO2,carbon_cycle,ppmv CO2,Simulated,rcp26,MAGICC6
1905,2.98E+02,atmos_CO2,carbon_cycle,ppmv CO2,Simulated,rcp26,MAGICC6
1906,2.98E+02,atmos_CO2,carbon_cycle,ppmv CO2,Simulated,rcp26,MAGICC6
1907,2.99E+02,atmos_CO2,carbon_cycle,ppmv CO2,Simulated,rcp26,MAGICC6
1908,2.99E+02,atmos_CO2,carbon_cycle,ppmv CO2,Simulated,rcp26,MAGICC6
1909,3.00E+02,atmos_CO2,carbon_cycle,ppmv CO2,Simulated,rcp26,MAGICC6
1910,3.00E+02,atmos_CO2,carbon_cycle,ppmv CO2,Simulated,rcp26,MAGICC6
1911,3.00E+02,atmos_CO2,carbon_cycle,ppmv CO2,Simulated,rcp26,MAGICC6
1912,3.01E+02,atmos_CO2,carbon_cycle,ppmv CO2,Simulated,rcp26,MAGICC6
1913,3.01E+02,atmos_CO2,carbon_cycle,ppmv CO2,Simulated,rcp26,MAGICC6
1914,3.01E+02,atmos_CO2,carbon_cycle,ppmv CO2,Simulated,rcp26,MAGICC6
1915,3.02E+02,atmos_CO2,carbon_cycle,ppmv CO2,Simulated,rcp26,MAGICC6
1916,3.02E+02,atmos_CO2,carbon_cycle,ppmv CO2,Simulated,rcp26,MAGICC6
1917,3.02E+02,atmos_CO2,carbon_cycle,ppmv CO2,Simulated,rcp26,MAGICC6
1918,3.03E+02,atmos_CO2,carbon_cycle,ppmv CO2,Simulated,rcp26,MAGICC6
1919,3.03E+02,atmos_CO2,carbon_cycle,ppmv CO2,Simulated,rcp26,MAGICC6
1920,3.03E+02,atmos_CO2,carbon_cycle,ppmv CO2,Simulated,rcp26,MAGICC6
1921,3.04E+02,atmos_CO2,carbon_cycle,ppmv CO2,Simulated,rcp26,MAGICC6
1922,3.04E+02,atmos_CO2,carbon_cycle,ppmv CO2,Simulated,rcp26,MAGICC6
1923,3.04E+02,atmos_CO2,carbon_cycle,ppmv CO2,Simulated,rcp26,MAGICC6
1924,3.05E+02,atmos_CO2,carbon_cycle,ppmv CO2,Simulated,rcp26,MAGICC6
1925,3.05E+02,atmos_CO2,carbon_cycle,ppmv CO2,Simulated,rcp26,MAGICC6
1926,3.06E+02,atmos_CO2,carbon_cycle,ppmv CO2,Simulated,rcp26,MAGICC6
1927,3.06E+02,atmos_CO2,carbon_cycle,ppmv CO2,Simulated,rcp26,MAGICC6
1928,3.07E+02,atmos_CO2,carbon_cycle,ppmv CO2,Simulated,rcp26,MAGICC6
1929,3.07E+02,atmos_CO2,carbon_cycle,ppmv CO2,Simulated,rcp26,MAGICC6
1930,3.07E+02,atmos_CO2,carbon_cycle,ppmv CO2,Simulated,rcp26,MAGICC6
1931,3.08E+02,atmos_CO2,carbon_cycle,ppmv CO2,Simulated,rcp26,MAGICC6
1932,3.08E+02,atmos_CO2,carbon_cycle,ppmv CO2,Simulated,rcp26,MAGICC6
1933,3.09E+02,atmos_CO2,carbon_cycle,ppmv CO2,Simulated,rcp26,MAGICC6
1934,3.09E+02,atmos_CO2,carbon_cycle,ppmv CO2,Simulated,rcp26,MAGICC6
1935,3.10E+02,atmos_CO2,carbon_cycle,ppmv CO2,Simulated,rcp26,MAGICC6
1936,3.10E+02,atmos_CO2,carbon_cycle,ppmv CO2,Simulated,rcp26,MAGICC6
1937,3.10E+02,atmos_CO2,carbon_cycle,ppmv CO2,Simulated,rcp26,MAGICC6
1938,3.10E+02,atmos_CO2,carbon_cycle,ppmv CO2,Simulated,rcp26,MAGICC6
1939,3.10E+02,atmos_CO2,carbon_cycle,ppmv CO2,Simulated,rcp26,MAGICC6
1940,3.10E+02,atmos_CO2,carbon_cycle,ppmv CO2,Simulated,rcp26,MAGICC6
1941,3.10E+02,atmos_CO2,carbon_cycle,ppmv CO2,Simulated,rcp26,MAGICC6
1942,3.10E+02,atmos_CO2,carbon_cycle,ppmv CO2,Simulated,rcp26,MAGICC6
1943,3.10E+02,atmos_CO2,carbon_cycle,ppmv CO2,Simulated,rcp26,MAGICC6
1944,3.10E+02,atmos_CO2,carbon_cycle,ppmv CO2,Simulated,rcp26,MAGICC6
1945,3.10E+02,atmos_CO2,carbon_cycle,ppmv CO2,Simulated,rcp26,MAGICC6
1946,3.10E+02,atmos_CO2,carbon_cycle,ppmv CO2,Simulated,rcp26,MAGICC6
1947,3.10E+02,atmos_CO2,carbon_cycle,ppmv CO2,Simulated,rcp26,MAGICC6
1948,3.10E+02,atmos_CO2,carbon_cycle,ppmv CO2,Simulated,rcp26,MAGICC6
1949,3.11E+02,atmos_CO2,carbon_cycle,ppmv CO2,Simulated,rcp26,MAGICC6
1950,3.11E+02,atmos_CO2,carbon_cycle,ppmv CO2,Simulated,rcp26,MAGICC6
1951,3.11E+02,atmos_CO2,carbon_cycle,ppmv CO2,Simulated,rcp26,MAGICC6
1952,3.12E+02,atmos_CO2,carbon_cycle,ppmv CO2,Simulated,rcp26,MAGICC6
1953,3.12E+02,atmos_CO2,carbon_cycle,ppmv CO2,Simulated,rcp26,MAGICC6
1954,3.13E+02,atmos_CO2,carbon_cycle,ppmv CO2,Simulated,rcp26,MAGICC6
1955,3.13E+02,atmos_CO2,carbon_cycle,ppmv CO2,Simulated,rcp26,MAGICC6
1956,3.14E+02,atmos_CO2,carbon_cycle,ppmv CO2,Simulated,rcp26,MAGICC6
1957,3.15E+02,atmos_CO2,carbon_cycle,ppmv CO2,Simulated,rcp26,MAGICC6
1958,3.15E+02,atmos_CO2,carbon_cycle,ppmv CO2,Simulated,rcp26,MAGICC6
1959,3.16E+02,atmos_CO2,carbon_cycle,ppmv CO2,Simulated,rcp26,MAGICC6
1960,3.17E+02,atmos_CO2,carbon_cycle,ppmv CO2,Simulated,rcp26,MAGICC6
1961,3.17E+02,atmos_CO2,carbon_cycle,ppmv CO2,Simulated,rcp26,MAGICC6
1962,3.18E+02,atmos_CO2,carbon_cycle,ppmv CO2,Simulated,rcp26,MAGICC6
1963,3.19E+02,atmos_CO2,carbon_cycle,ppmv CO2,Simulated,rcp26,MAGICC6
1964,3.19E+02,atmos_CO2,carbon_cycle,ppmv CO2,Simulated,rcp26,MAGICC6
1965,3.20E+02,atmos_CO2,carbon_cycle,ppmv CO2,Simulated,rcp26,MAGICC6
1966,3.21E+02,atmos_CO2,carbon_cycle,ppmv CO2,Simulated,rcp26,MAGICC6
1967,3.22E+02,atmos_CO2,carbon_cycle,ppmv CO2,Simulated,rcp26,MAGICC6
1968,3.23E+02,atmos_CO2,carbon_cycle,ppmv CO2,Simulated,rcp26,MAGICC6
1969,3.25E+02,atmos_CO2,carbon_cycle,ppmv CO2,Simulated,rcp26,MAGICC6
1970,3.25E+02,atmos_CO2,carbon_cycle,ppmv CO2,Simulated,rcp26,MAGICC6
1971,3.26E+02,atmos_CO2,carbon_cycle,ppmv CO2,Simulated,rcp26,MAGICC6
1972,3.28E+02,atmos_CO2,carbon_cycle,ppmv CO2,Simulated,rcp26,MAGICC6
1973,3.29E+02,atmos_CO2,carbon_cycle,ppmv CO2,Simulated,rcp26,MAGICC6
1974,3.30E+02,atmos_CO2,carbon_cycle,ppmv CO2,Simulated,rcp26,MAGICC6
1975,3.31E+02,atmos_CO2,carbon_cycle,ppmv CO2,Simulated,rcp26,MAGICC6
1976,3.32E+02,atmos_CO2,carbon_cycle,ppmv CO2,Simulated,rcp26,MAGICC6
1977,3.34E+02,atmos_CO2,carbon_cycle,ppmv CO2,Simulated,rcp26,MAGICC6
1978,3.36E+02,atmos_CO2,carbon_cycle,ppmv CO2,Simulated,rcp26,MAGICC6
1979,3.37E+02,atmos_CO2,carbon_cycle,ppmv CO2,Simulated,rcp26,MAGICC6
1980,3.39E+02,atmos_CO2,carbon_cycle,ppmv CO2,Simulated,rcp26,MAGICC6
1981,3.40E+02,atmos_CO2,carbon_cycle,ppmv CO2,Simulated,rcp26,MAGICC6
1982,3.41E+02,atmos_CO2,carbon_cycle,ppmv CO2,Simulated,rcp26,MAGICC6
1983,3.43E+02,atmos_CO2,carbon_cycle,ppmv CO2,Simulated,rcp26,MAGICC6
1984,3.45E+02,atmos_CO2,carbon_cycle,ppmv CO2,Simulated,rcp26,MAGICC6
1985,3.46E+02,atmos_CO2,carbon_cycle,ppmv CO2,Simulated,rcp26,MAGICC6
1986,3.48E+02,atmos_CO2,carbon_cycle,ppmv CO2,Simulated,rcp26,MAGICC6
1987,3.50E+02,atmos_CO2,carbon_cycle,ppmv CO2,Simulated,rcp26,MAGICC6
1988,3.52E+02,atmos_CO2,carbon_cycle,ppmv CO2,Simulated,rcp26,MAGICC6
1989,3.53E+02,atmos_CO2,carbon_cycle,ppmv CO2,Simulated,rcp26,MAGICC6
1990,3.55E+02,atmos_CO2,carbon_cycle,ppmv CO2,Simulated,rcp26,MAGICC6
1991,3.56E+02,atmos_CO2,carbon_cycle,ppmv CO2,Simulated,rcp26,MAGICC6
1992,3.56E+02,atmos_CO2,carbon_cycle,ppmv CO2,Simulated,rcp26,MAGICC6
1993,3.57E+02,atmos_CO2,carbon_cycle,ppmv CO2,Simulated,rcp26,MAGICC6
1994,3.59E+02,atmos_CO2,carbon_cycle,ppmv CO2,Simulated,rcp26,MAGICC6
1995,3.61E+02,atmos_CO2,carbon_cycle,ppmv CO2,Simulated,rcp26,MAGICC6
1996,3.62E+02,atmos_CO2,carbon_cycle,ppmv CO2,Simulated,rcp26,MAGICC6
1997,3.64E+02,atmos_CO2,carbon_cycle,ppmv CO2,Simulated,rcp26,MAGICC6
1998,3.67E+02,atmos_CO2,carbon_cycle,ppmv CO2,Simulated,rcp26,MAGICC6
1999,3.68E+02,atmos_CO2,carbon_cycle,ppmv CO2,Simulated,rcp26,MAGICC6
2000,3.70E+02,atmos_CO2,carbon_cycle,ppmv CO2,Simulated,rcp26,MAGICC6
2001,3.71E+02,atmos_CO2,carbon_cycle,ppmv CO2,Simulated,rcp26,MAGICC6
2002,3.74E+02,atmos_CO2,carbon_cycle,ppmv CO2,Simulated,rcp26,MAGICC6
2003,3.76E+02,atmos_CO2,carbon_cycle,ppmv CO2,Simulated,rcp26,MAGICC6
2004,3.78E+02,atmos_CO2,carbon_cycle,ppmv CO2,Simulated,rcp26,MAGICC6
2005,3.80E+02,atmos_CO2,carbon_cycle,ppmv CO2,Simulated,rcp26,MAGICC6
2006,3.82E+02,atmos_CO2,carbon_cycle,ppmv CO2,Simulated,rcp26,MAGICC6
2007,3.84E+02,atmos_CO2,carbon_cycle,ppmv CO2,Simulated,rcp26,MAGICC6
2008,3.86E+02,atmos_CO2,carbon_cycle,ppmv CO2,Simulated,rcp26,MAGICC6
2009,3.88E+02,atmos_CO2,carbon_cycle,ppmv CO2,Simulated,rcp26,MAGICC6
2010,3.90E+02,atmos_CO2,carbon_cycle,ppmv CO2,Simulated,rcp26,MAGICC6
2011,3.93E+02,atmos_CO2,carbon_cycle,ppmv CO2,Simulated,rcp26,MAGICC6
2012,3.95E+02,atmos_CO2,carbon_cycle,ppmv CO2,Simulated,rcp26,MAGICC6
2013,3.97E+02,atmos_CO2,carbon_cycle,ppmv CO2,Simulated,rcp26,MAGICC6
2014,4.00E+02,atmos_CO2,carbon_cycle,ppmv CO2,Simulated,rcp26,MAGICC6
2015,4.02E+02,atmos_CO2,carbon_cycle,ppmv CO2,Simulated,rcp26,MAGICC6
2016,4.04E+02,atmos_CO2,carbon_cycle,ppmv CO2,Simulated,rcp26,MAGICC6
2017,4.07E+02,atmos_CO2,carbon_cycle,ppmv CO2,Simulated,rcp26,MAGICC6
2018,4.09E+02,atmos_CO2,carbon_cycle,ppmv CO2,Simulated,rcp26,MAGICC6
2019,4.11E+02,atmos_CO2,carbon_cycle,ppmv CO2,Simulated,rcp26,MAGICC6
2020,4.14E+02,atmos_CO2,carbon_cycle,ppmv CO2,Simulated,rcp26,MAGICC6
2021,4.16E+02,atmos_CO2,carbon_cycle,ppmv CO2,Simulated,rcp26,MAGICC6
2022,4.18E+02,atmos_CO2,carbon_cycle,ppmv CO2,Simulated,rcp26,MAGICC6
2023,4.21E+02,atmos_CO2,carbon_cycle,ppmv CO2,Simulated,rcp26,MAGICC6
2024,4.23E+02,atmos_CO2,carbon_cycle,ppmv CO2,Simulated,rcp26,MAGICC6
2025,4.25E+02,atmos_CO2,carbon_cycle,ppmv CO2,Simulated,rcp26,MAGICC6
2026,4.26E+02,atmos_CO2,carbon_cycle,ppmv CO2,Simulated,rcp26,MAGICC6
2027,4.28E+02,atmos_CO2,carbon_cycle,ppmv CO2,Simulated,rcp26,MAGICC6
2028,4.30E+02,atmos_CO2,carbon_cycle,ppmv CO2,Simulated,rcp26,MAGICC6
2029,4.31E+02,atmos_CO2,carbon_cycle,ppmv CO2,Simulated,rcp26,MAGICC6
2030,4.33E+02,atmos_CO2,carbon_cycle,ppmv CO2,Simulated,rcp26,MAGICC6
2031,4.34E+02,atmos_CO2,carbon_cycle,ppmv CO2,Simulated,rcp26,MAGICC6
2032,4.36E+02,atmos_CO2,carbon_cycle,ppmv CO2,Simulated,rcp26,MAGICC6
2033,4.37E+02,atmos_CO2,carbon_cycle,ppmv CO2,Simulated,rcp26,MAGICC6
2034,4.38E+02,atmos_CO2,carbon_cycle,ppmv CO2,Simulated,rcp26,MAGICC6
2035,4.39E+02,atmos_CO2,carbon_cycle,ppmv CO2,Simulated,rcp26,MAGICC6
2036,4.40E+02,atmos_CO2,carbon_cycle,ppmv CO2,Simulated,rcp26,MAGICC6
2037,4.41E+02,atmos_CO2,carbon_cycle,ppmv CO2,Simulated,rcp26,MAGICC6
2038,4.41E+02,atmos_CO2,carbon_cycle,ppmv CO2,Simulated,rcp26,MAGICC6
2039,4.42E+02,atmos_CO2,carbon_cycle,ppmv CO2,Simulated,rcp26,MAGICC6
2040,4.43E+02,atmos_CO2,carbon_cycle,ppmv CO2,Simulated,rcp26,MAGICC6
2041,4.43E+02,atmos_CO2,carbon_cycle,ppmv CO2,Simulated,rcp26,MAGICC6
2042,4.43E+02,atmos_CO2,carbon_cycle,ppmv CO2,Simulated,rcp26,MAGICC6
2043,4.44E+02,atmos_CO2,carbon_cycle,ppmv CO2,Simulated,rcp26,MAGICC6
2044,4.44E+02,atmos_CO2,carbon_cycle,ppmv CO2,Simulated,rcp26,MAGICC6
2045,4.45E+02,atmos_CO2,carbon_cycle,ppmv CO2,Simulated,rcp26,MAGICC6
2046,4.45E+02,atmos_CO2,carbon_cycle,ppmv CO2,Simulated,rcp26,MAGICC6
2047,4.45E+02,atmos_CO2,carbon_cycle,ppmv CO2,Simulated,rcp26,MAGICC6
2048,4.45E+02,atmos_CO2,carbon_cycle,ppmv CO2,Simulated,rcp26,MAGICC6
2049,4.45E+02,atmos_CO2,carbon_cycle,ppmv CO2,Simulated,rcp26,MAGICC6
2050,4.46E+02,atmos_CO2,carbon_cycle,ppmv CO2,Simulated,rcp26,MAGICC6
2051,4.46E+02,atmos_CO2,carbon_cycle,ppmv CO2,Simulated,rcp26,MAGICC6
2052,4.46E+02,atmos_CO2,carbon_cycle,ppmv CO2,Simulated,rcp26,MAGICC6
2053,4.46E+02,atmos_CO2,carbon_cycle,ppmv CO2,Simulated,rcp26,MAGICC6
2054,4.46E+02,atmos_CO2,carbon_cycle,ppmv CO2,Simulated,rcp26,MAGICC6
2055,4.46E+02,atmos_CO2,carbon_cycle,ppmv CO2,Simulated,rcp26,MAGICC6
2056,4.46E+02,atmos_CO2,carbon_cycle,ppmv CO2,Simulated,rcp26,MAGICC6
2057,4.45E+02,atmos_CO2,carbon_cycle,ppmv CO2,Simulated,rcp26,MAGICC6
2058,4.45E+02,atmos_CO2,carbon_cycle,ppmv CO2,Simulated,rcp26,MAGICC6
2059,4.45E+02,atmos_CO2,carbon_cycle,ppmv CO2,Simulated,rcp26,MAGICC6
2060,4.45E+02,atmos_CO2,carbon_cycle,ppmv CO2,Simulated,rcp26,MAGICC6
2061,4.45E+02,atmos_CO2,carbon_cycle,ppmv CO2,Simulated,rcp26,MAGICC6
2062,4.44E+02,atmos_CO2,carbon_cycle,ppmv CO2,Simulated,rcp26,MAGICC6
2063,4.44E+02,atmos_CO2,carbon_cycle,ppmv CO2,Simulated,rcp26,MAGICC6
2064,4.44E+02,atmos_CO2,carbon_cycle,ppmv CO2,Simulated,rcp26,MAGICC6
2065,4.43E+02,atmos_CO2,carbon_cycle,ppmv CO2,Simulated,rcp26,MAGICC6
2066,4.43E+02,atmos_CO2,carbon_cycle,ppmv CO2,Simulated,rcp26,MAGICC6
2067,4.43E+02,atmos_CO2,carbon_cycle,ppmv CO2,Simulated,rcp26,MAGICC6
2068,4.42E+02,atmos_CO2,carbon_cycle,ppmv CO2,Simulated,rcp26,MAGICC6
2069,4.42E+02,atmos_CO2,carbon_cycle,ppmv CO2,Simulated,rcp26,MAGICC6
2070,4.41E+02,atmos_CO2,carbon_cycle,ppmv CO2,Simulated,rcp26,MAGICC6
2071,4.41E+02,atmos_CO2,carbon_cycle,ppmv CO2,Simulated,rcp26,MAGICC6
2072,4.40E+02,atmos_CO2,carbon_cycle,ppmv CO2,Simulated,rcp26,MAGICC6
2073,4.39E+02,atmos_CO2,carbon_cycle,ppmv CO2,Simulated,rcp26,MAGICC6
2074,4.39E+02,atmos_CO2,carbon_cycle,ppmv CO2,Simulated,rcp26,MAGICC6
2075,4.38E+02,atmos_CO2,carbon_cycle,ppmv CO2,Simulated,rcp26,MAGICC6
2076,4.38E+02,atmos_CO2,carbon_cycle,ppmv CO2,Simulated,rcp26,MAGICC6
2077,4.37E+02,atmos_CO2,carbon_cycle,ppmv CO2,Simulated,rcp26,MAGICC6
2078,4.37E+02,atmos_CO2,carbon_cycle,ppmv CO2,Simulated,rcp26,MAGICC6
2079,4.36E+02,atmos_CO2,carbon_cycle,ppmv CO2,Simulated,rcp26,MAGICC6
2080,4.36E+02,atmos_CO2,carbon_cycle,ppmv CO2,Simulated,rcp26,MAGICC6
2081,4.35E+02,atmos_CO2,carbon_cycle,ppmv CO2,Simulated,rcp26,MAGICC6
2082,4.34E+02,atmos_CO2,carbon_cycle,ppmv CO2,Simulated,rcp26,MAGICC6
2083,4.34E+02,atmos_CO2,carbon_cycle,ppmv CO2,Simulated,rcp26,MAGICC6
2084,4.33E+02,atmos_CO2,carbon_cycle,ppmv CO2,Simulated,rcp26,MAGICC6
2085,4.33E+02,atmos_CO2,carbon_cycle,ppmv CO2,Simulated,rcp26,MAGICC6
2086,4.32E+02,atmos_CO2,carbon_cycle,ppmv CO2,Simulated,rcp26,MAGICC6
2087,4.32E+02,atmos_CO2,carbon_cycle,ppmv CO2,Simulated,rcp26,MAGICC6
2088,4.31E+02,atmos_CO2,carbon_cycle,ppmv CO2,Simulated,rcp26,MAGICC6
2089,4.31E+02,atmos_CO2,carbon_cycle,ppmv CO2,Simulated,rcp26,MAGICC6
2090,4.30E+02,atmos_CO2,carbon_cycle,ppmv CO2,Simulated,rcp26,MAGICC6
2091,4.30E+02,atmos_CO2,carbon_cycle,ppmv CO2,Simulated,rcp26,MAGICC6
2092,4.29E+02,atmos_CO2,carbon_cycle,ppmv CO2,Simulated,rcp26,MAGICC6
2093,4.29E+02,atmos_CO2,carbon_cycle,ppmv CO2,Simulated,rcp26,MAGICC6
2094,4.28E+02,atmos_CO2,carbon_cycle,ppmv CO2,Simulated,rcp26,MAGICC6
2095,4.28E+02,atmos_CO2,carbon_cycle,ppmv CO2,Simulated,rcp26,MAGICC6
2096,4.27E+02,atmos_CO2,carbon_cycle,ppmv CO2,Simulated,rcp26,MAGICC6
2097,4.27E+02,atmos_CO2,carbon_cycle,ppmv CO2,Simulated,rcp26,MAGICC6
2098,4.26E+02,atmos_CO2,carbon_cycle,ppmv CO2,Simulated,rcp26,MAGICC6
2099,4.26E+02,atmos_CO2,carbon_cycle,ppmv CO2,Simulated,rcp26,MAGICC6
2100,4.25E+02,atmos_CO2,carbon_cycle,ppmv CO2,Simulated,rcp26,MAGICC6
2101,4.25E+02,atmos_CO2,carbon_cycle,ppmv CO2,Simulated,rcp26,MAGICC6
2102,4.24E+02,atmos_CO2,carbon_cycle,ppmv CO2,Simulated,rcp26,MAGICC6
2103,4.24E+02,atmos_CO2,carbon_cycle,ppmv CO2,Simulated,rcp26,MAGICC6
2104,4.24E+02,atmos_CO2,carbon_cycle,ppmv CO2,Simulated,rcp26,MAGICC6
2105,4.23E+02,atmos_CO2,carbon_cycle,ppmv CO2,Simulated,rcp26,MAGICC6
2106,4.23E+02,atmos_CO2,carbon_cycle,ppmv CO2,Simulated,rcp26,MAGICC6
2107,4.22E+02,atmos_CO2,carbon_cycle,ppmv CO2,Simulated,rcp26,MAGICC6
2108,4.22E+02,atmos_CO2,carbon_cycle,ppmv CO2,Simulated,rcp26,MAGICC6
2109,4.21E+02,atmos_CO2,carbon_cycle,ppmv CO2,Simulated,rcp26,MAGICC6
2110,4.21E+02,atmos_CO2,carbon_cycle,ppmv CO2,Simulated,rcp26,MAGICC6
2111,4.20E+02,atmos_CO2,carbon_cycle,ppmv CO2,Simulated,rcp26,MAGICC6
2112,4.20E+02,atmos_CO2,carbon_cycle,ppmv CO2,Simulated,rcp26,MAGICC6
2113,4.20E+02,atmos_CO2,carbon_cycle,ppmv CO2,Simulated,rcp26,MAGICC6
2114,4.19E+02,atmos_CO2,carbon_cycle,ppmv CO2,Simulated,rcp26,MAGICC6
2115,4.19E+02,atmos_CO2,carbon_cycle,ppmv CO2,Simulated,rcp26,MAGICC6
2116,4.18E+02,atmos_CO2,carbon_cycle,ppmv CO2,Simulated,rcp26,MAGICC6
2117,4.18E+02,atmos_CO2,carbon_cycle,ppmv CO2,Simulated,rcp26,MAGICC6
2118,4.17E+02,atmos_CO2,carbon_cycle,ppmv CO2,Simulated,rcp26,MAGICC6
2119,4.17E+02,atmos_CO2,carbon_cycle,ppmv CO2,Simulated,rcp26,MAGICC6
2120,4.16E+02,atmos_CO2,carbon_cycle,ppmv CO2,Simulated,rcp26,MAGICC6
2121,4.16E+02,atmos_CO2,carbon_cycle,ppmv CO2,Simulated,rcp26,MAGICC6
2122,4.16E+02,atmos_CO2,carbon_cycle,ppmv CO2,Simulated,rcp26,MAGICC6
2123,4.15E+02,atmos_CO2,carbon_cycle,ppmv CO2,Simulated,rcp26,MAGICC6
2124,4.15E+02,atmos_CO2,carbon_cycle,ppmv CO2,Simulated,rcp26,MAGICC6
2125,4.14E+02,atmos_CO2,carbon_cycle,ppmv CO2,Simulated,rcp26,MAGICC6
2126,4.14E+02,atmos_CO2,carbon_cycle,ppmv CO2,Simulated,rcp26,MAGICC6
2127,4.13E+02,atmos_CO2,carbon_cycle,ppmv CO2,Simulated,rcp26,MAGICC6
2128,4.13E+02,atmos_CO2,carbon_cycle,ppmv CO2,Simulated,rcp26,MAGICC6
2129,4.12E+02,atmos_CO2,carbon_cycle,ppmv CO2,Simulated,rcp26,MAGICC6
2130,4.12E+02,atmos_CO2,carbon_cycle,ppmv CO2,Simulated,rcp26,MAGICC6
2131,4.12E+02,atmos_CO2,carbon_cycle,ppmv CO2,Simulated,rcp26,MAGICC6
2132,4.11E+02,atmos_CO2,carbon_cycle,ppmv CO2,Simulated,rcp26,MAGICC6
2133,4.11E+02,atmos_CO2,carbon_cycle,ppmv CO2,Simulated,rcp26,MAGICC6
2134,4.10E+02,atmos_CO2,carbon_cycle,ppmv CO2,Simulated,rcp26,MAGICC6
2135,4.10E+02,atmos_CO2,carbon_cycle,ppmv CO2,Simulated,rcp26,MAGICC6
2136,4.09E+02,atmos_CO2,carbon_cycle,ppmv CO2,Simulated,rcp26,MAGICC6
2137,4.09E+02,atmos_CO2,carbon_cycle,ppmv CO2,Simulated,rcp26,MAGICC6
2138,4.09E+02,atmos_CO2,carbon_cycle,ppmv CO2,Simulated,rcp26,MAGICC6
2139,4.08E+02,atmos_CO2,carbon_cycle,ppmv CO2,Simulated,rcp26,MAGICC6
2140,4.08E+02,atmos_CO2,carbon_cycle,ppmv CO2,Simulated,rcp26,MAGICC6
2141,4.08E+02,atmos_CO2,carbon_cycle,ppmv CO2,Simulated,rcp26,MAGICC6
2142,4.07E+02,atmos_CO2,carbon_cycle,ppmv CO2,Simulated,rcp26,MAGICC6
2143,4.07E+02,atmos_CO2,carbon_cycle,ppmv CO2,Simulated,rcp26,MAGICC6
2144,4.06E+02,atmos_CO2,carbon_cycle,ppmv CO2,Simulated,rcp26,MAGICC6
2145,4.06E+02,atmos_CO2,carbon_cycle,ppmv CO2,Simulated,rcp26,MAGICC6
2146,4.06E+02,atmos_CO2,carbon_cycle,ppmv CO2,Simulated,rcp26,MAGICC6
2147,4.05E+02,atmos_CO2,carbon_cycle,ppmv CO2,Simulated,rcp26,MAGICC6
2148,4.05E+02,atmos_CO2,carbon_cycle,ppmv CO2,Simulated,rcp26,MAGICC6
2149,4.05E+02,atmos_CO2,carbon_cycle,ppmv CO2,Simulated,rcp26,MAGICC6
2150,4.04E+02,atmos_CO2,carbon_cycle,ppmv CO2,Simulated,rcp26,MAGICC6
2151,4.04E+02,atmos_CO2,carbon_cycle,ppmv CO2,Simulated,rcp26,MAGICC6
2152,4.04E+02,atmos_CO2,carbon_cycle,ppmv CO2,Simulated,rcp26,MAGICC6
2153,4.03E+02,atmos_CO2,carbon_cycle,ppmv CO2,Simulated,rcp26,MAGICC6
2154,4.03E+02,atmos_CO2,carbon_cycle,ppmv CO2,Simulated,rcp26,MAGICC6
2155,4.03E+02,atmos_CO2,carbon_cycle,ppmv CO2,Simulated,rcp26,MAGICC6
2156,4.02E+02,atmos_CO2,carbon_cycle,ppmv CO2,Simulated,rcp26,MAGICC6
2157,4.02E+02,atmos_CO2,carbon_cycle,ppmv CO2,Simulated,rcp26,MAGICC6
2158,4.02E+02,atmos_CO2,carbon_cycle,ppmv CO2,Simulated,rcp26,MAGICC6
2159,4.01E+02,atmos_CO2,carbon_cycle,ppmv CO2,Simulated,rcp26,MAGICC6
2160,4.01E+02,atmos_CO2,carbon_cycle,ppmv CO2,Simulated,rcp26,MAGICC6
2161,4.01E+02,atmos_CO2,carbon_cycle,ppmv CO2,Simulated,rcp26,MAGICC6
2162,4.00E+02,atmos_CO2,carbon_cycle,ppmv CO2,Simulated,rcp26,MAGICC6
2163,4.00E+02,atmos_CO2,carbon_cycle,ppmv CO2,Simulated,rcp26,MAGICC6
2164,4.00E+02,atmos_CO2,carbon_cycle,ppmv CO2,Simulated,rcp26,MAGICC6
2165,3.99E+02,atmos_CO2,carbon_cycle,ppmv CO2,Simulated,rcp26,MAGICC6
2166,3.99E+02,atmos_CO2,carbon_cycle,ppmv CO2,Simulated,rcp26,MAGICC6
2167,3.99E+02,atmos_CO2,carbon_cycle,ppmv CO2,Simulated,rcp26,MAGICC6
2168,3.98E+02,atmos_CO2,carbon_cycle,ppmv CO2,Simulated,rcp26,MAGICC6
2169,3.98E+02,atmos_CO2,carbon_cycle,ppmv CO2,Simulated,rcp26,MAGICC6
2170,3.98E+02,atmos_CO2,carbon_cycle,ppmv CO2,Simulated,rcp26,MAGICC6
2171,3.97E+02,atmos_CO2,carbon_cycle,ppmv CO2,Simulated,rcp26,MAGICC6
2172,3.97E+02,atmos_CO2,carbon_cycle,ppmv CO2,Simulated,rcp26,MAGICC6
2173,3.97E+02,atmos_CO2,carbon_cycle,ppmv CO2,Simulated,rcp26,MAGICC6
2174,3.97E+02,atmos_CO2,carbon_cycle,ppmv CO2,Simulated,rcp26,MAGICC6
2175,3.96E+02,atmos_CO2,carbon_cycle,ppmv CO2,Simulated,rcp26,MAGICC6
2176,3.96E+02,atmos_CO2,carbon_cycle,ppmv CO2,Simulated,rcp26,MAGICC6
2177,3.96E+02,atmos_CO2,carbon_cycle,ppmv CO2,Simulated,rcp26,MAGICC6
2178,3.95E+02,atmos_CO2,carbon_cycle,ppmv CO2,Simulated,rcp26,MAGICC6
2179,3.95E+02,atmos_CO2,carbon_cycle,ppmv CO2,Simulated,rcp26,MAGICC6
2180,3.95E+02,atmos_CO2,carbon_cycle,ppmv CO2,Simulated,rcp26,MAGICC6
2181,3.94E+02,atmos_CO2,carbon_cycle,ppmv CO2,Simulated,rcp26,MAGICC6
2182,3.94E+02,atmos_CO2,carbon_cycle,ppmv CO2,Simulated,rcp26,MAGICC6
2183,3.94E+02,atmos_CO2,carbon_cycle,ppmv CO2,Simulated,rcp26,MAGICC6
2184,3.94E+02,atmos_CO2,carbon_cycle,ppmv CO2,Simulated,rcp26,MAGICC6
2185,3.93E+02,atmos_CO2,carbon_cycle,ppmv CO2,Simulated,rcp26,MAGICC6
2186,3.93E+02,atmos_CO2,carbon_cycle,ppmv CO2,Simulated,rcp26,MAGICC6
2187,3.93E+02,atmos_CO2,carbon_cycle,ppmv CO2,Simulated,rcp26,MAGICC6
2188,3.92E+02,atmos_CO2,carbon_cycle,ppmv CO2,Simulated,rcp26,MAGICC6
2189,3.92E+02,atmos_CO2,carbon_cycle,ppmv CO2,Simulated,rcp26,MAGICC6
2190,3.92E+02,atmos_CO2,carbon_cycle,ppmv CO2,Simulated,rcp26,MAGICC6
2191,3.92E+02,atmos_CO2,carbon_cycle,ppmv CO2,Simulated,rcp26,MAGICC6
2192,3.91E+02,atmos_CO2,carbon_cycle,ppmv CO2,Simulated,rcp26,MAGICC6
2193,3.91E+02,atmos_CO2,carbon_cycle,ppmv CO2,Simulated,rcp26,MAGICC6
2194,3.91E+02,atmos_CO2,carbon_cycle,ppmv CO2,Simulated,rcp26,MAGICC6
2195,3.91E+02,atmos_CO2,carbon_cycle,ppmv CO2,Simulated,rcp26,MAGICC6
2196,3.90E+02,atmos_CO2,carbon_cycle,ppmv CO2,Simulated,rcp26,MAGICC6
2197,3.90E+02,atmos_CO2,carbon_cycle,ppmv CO2,Simulated,rcp26,MAGICC6
2198,3.90E+02,atmos_CO2,carbon_cycle,ppmv CO2,Simulated,rcp26,MAGICC6
2199,3.89E+02,atmos_CO2,carbon_cycle,ppmv CO2,Simulated,rcp26,MAGICC6
2200,3.89E+02,atmos_CO2,carbon_cycle,ppmv CO2,Simulated,rcp26,MAGICC6
2201,3.89E+02,atmos_CO2,carbon_cycle,ppmv CO2,Simulated,rcp26,MAGICC6
2202,3.89E+02,atmos_CO2,carbon_cycle,ppmv CO2,Simulated,rcp26,MAGICC6
2203,3.88E+02,atmos_CO2,carbon_cycle,ppmv CO2,Simulated,rcp26,MAGICC6
2204,3.88E+02,atmos_CO2,carbon_cycle,ppmv CO2,Simulated,rcp26,MAGICC6
2205,3.88E+02,atmos_CO2,carbon_cycle,ppmv CO2,Simulated,rcp26,MAGICC6
2206,3.88E+02,atmos_CO2,carbon_cycle,ppmv CO2,Simulated,rcp26,MAGICC6
2207,3.87E+02,atmos_CO2,carbon_cycle,ppmv CO2,Simulated,rcp26,MAGICC6
2208,3.87E+02,atmos_CO2,carbon_cycle,ppmv CO2,Simulated,rcp26,MAGICC6
2209,3.87E+02,atmos_CO2,carbon_cycle,ppmv CO2,Simulated,rcp26,MAGICC6
2210,3.87E+02,atmos_CO2,carbon_cycle,ppmv CO2,Simulated,rcp26,MAGICC6
2211,3.86E+02,atmos_CO2,carbon_cycle,ppmv CO2,Simulated,rcp26,MAGICC6
2212,3.86E+02,atmos_CO2,carbon_cycle,ppmv CO2,Simulated,rcp26,MAGICC6
2213,3.86E+02,atmos_CO2,carbon_cycle,ppmv CO2,Simulated,rcp26,MAGICC6
2214,3.86E+02,atmos_CO2,carbon_cycle,ppmv CO2,Simulated,rcp26,MAGICC6
2215,3.85E+02,atmos_CO2,carbon_cycle,ppmv CO2,Simulated,rcp26,MAGICC6
2216,3.85E+02,atmos_CO2,carbon_cycle,ppmv CO2,Simulated,rcp26,MAGICC6
2217,3.85E+02,atmos_CO2,carbon_cycle,ppmv CO2,Simulated,rcp26,MAGICC6
2218,3.85E+02,atmos_CO2,carbon_cycle,ppmv CO2,Simulated,rcp26,MAGICC6
2219,3.84E+02,atmos_CO2,carbon_cycle,ppmv CO2,Simulated,rcp26,MAGICC6
2220,3.84E+02,atmos_CO2,carbon_cycle,ppmv CO2,Simulated,rcp26,MAGICC6
2221,3.84E+02,atmos_CO2,carbon_cycle,ppmv CO2,Simulated,rcp26,MAGICC6
2222,3.84E+02,atmos_CO2,carbon_cycle,ppmv CO2,Simulated,rcp26,MAGICC6
2223,3.83E+02,atmos_CO2,carbon_cycle,ppmv CO2,Simulated,rcp26,MAGICC6
2224,3.83E+02,atmos_CO2,carbon_cycle,ppmv CO2,Simulated,rcp26,MAGICC6
2225,3.83E+02,atmos_CO2,carbon_cycle,ppmv CO2,Simulated,rcp26,MAGICC6
2226,3.83E+02,atmos_CO2,carbon_cycle,ppmv CO2,Simulated,rcp26,MAGICC6
2227,3.82E+02,atmos_CO2,carbon_cycle,ppmv CO2,Simulated,rcp26,MAGICC6
2228,3.82E+02,atmos_CO2,carbon_cycle,ppmv CO2,Simulated,rcp26,MAGICC6
2229,3.82E+02,atmos_CO2,carbon_cycle,ppmv CO2,Simulated,rcp26,MAGICC6
2230,3.82E+02,atmos_CO2,carbon_cycle,ppmv CO2,Simulated,rcp26,MAGICC6
2231,3.81E+02,atmos_CO2,carbon_cycle,ppmv CO2,Simulated,rcp26,MAGICC6
2232,3.81E+02,atmos_CO2,carbon_cycle,ppmv CO2,Simulated,rcp26,MAGICC6
2233,3.81E+02,atmos_CO2,carbon_cycle,ppmv CO2,Simulated,rcp26,MAGICC6
2234,3.81E+02,atmos_CO2,carbon_cycle,ppmv CO2,Simulated,rcp26,MAGICC6
2235,3.80E+02,atmos_CO2,carbon_cycle,ppmv CO2,Simulated,rcp26,MAGICC6
2236,3.80E+02,atmos_CO2,carbon_cycle,ppmv CO2,Simulated,rcp26,MAGICC6
2237,3.80E+02,atmos_CO2,carbon_cycle,ppmv CO2,Simulated,rcp26,MAGICC6
2238,3.80E+02,atmos_CO2,carbon_cycle,ppmv CO2,Simulated,rcp26,MAGICC6
2239,3.80E+02,atmos_CO2,carbon_cycle,ppmv CO2,Simulated,rcp26,MAGICC6
2240,3.79E+02,atmos_CO2,carbon_cycle,ppmv CO2,Simulated,rcp26,MAGICC6
2241,3.79E+02,atmos_CO2,carbon_cycle,ppmv CO2,Simulated,rcp26,MAGICC6
2242,3.79E+02,atmos_CO2,carbon_cycle,ppmv CO2,Simulated,rcp26,MAGICC6
2243,3.79E+02,atmos_CO2,carbon_cycle,ppmv CO2,Simulated,rcp26,MAGICC6
2244,3.78E+02,atmos_CO2,carbon_cycle,ppmv CO2,Simulated,rcp26,MAGICC6
2245,3.78E+02,atmos_CO2,carbon_cycle,ppmv CO2,Simulated,rcp26,MAGICC6
2246,3.78E+02,atmos_CO2,carbon_cycle,ppmv CO2,Simulated,rcp26,MAGICC6
2247,3.78E+02,atmos_CO2,carbon_cycle,ppmv CO2,Simulated,rcp26,MAGICC6
2248,3.77E+02,atmos_CO2,carbon_cycle,ppmv CO2,Simulated,rcp26,MAGICC6
2249,3.77E+02,atmos_CO2,carbon_cycle,ppmv CO2,Simulated,rcp26,MAGICC6
2250,3.77E+02,atmos_CO2,carbon_cycle,ppmv CO2,Simulated,rcp26,MAGICC6
2251,3.77E+02,atmos_CO2,carbon_cycle,ppmv CO2,Simulated,rcp26,MAGICC6
2252,3.77E+02,atmos_CO2,carbon_cycle,ppmv CO2,Simulated,rcp26,MAGICC6
2253,3.77E+02,atmos_CO2,carbon_cycle,ppmv CO2,Simulated,rcp26,MAGICC6
2254,3.77E+02,atmos_CO2,carbon_cycle,ppmv CO2,Simulated,rcp26,MAGICC6
2255,3.77E+02,atmos_CO2,carbon_cycle,ppmv CO2,Simulated,rcp26,MAGICC6
2256,3.77E+02,atmos_CO2,carbon_cycle,ppmv CO2,Simulated,rcp26,MAGICC6
2257,3.77E+02,atmos_CO2,carbon_cycle,ppmv CO2,Simulated,rcp26,MAGICC6
2258,3.77E+02,atmos_CO2,carbon_cycle,ppmv CO2,Simulated,rcp26,MAGICC6
2259,3.77E+02,atmos_CO2,carbon_cycle,ppmv CO2,Simulated,rcp26,MAGICC6
2260,3.77E+02,atmos_CO2,carbon_cycle,ppmv CO2,Simulated,rcp26,MAGICC6
2261,3.77E+02,atmos_CO2,carbon_cycle,ppmv CO2,Simulated,rcp26,MAGICC6
2262,3.77E+02,atmos_CO2,carbon_cycle,ppmv CO2,Simulated,rcp26,MAGICC6
2263,3.77E+02,atmos_CO2,carbon_cycle,ppmv CO2,Simulated,rcp26,MAGICC6
2264,3.77E+02,atmos_CO2,carbon_cycle,ppmv CO2,Simulated,rcp26,MAGICC6
2265,3.77E+02,atmos_CO2,carbon_cycle,ppmv CO2,Simulated,rcp26,MAGICC6
2266,3.77E+02,atmos_CO2,carbon_cycle,ppmv CO2,Simulated,rcp26,MAGICC6
2267,3.77E+02,atmos_CO2,carbon_cycle,ppmv CO2,Simulated,rcp26,MAGICC6
2268,3.77E+02,atmos_CO2,carbon_cycle,ppmv CO2,Simulated,rcp26,MAGICC6
2269,3.77E+02,atmos_CO2,carbon_cycle,ppmv CO2,Simulated,rcp26,MAGICC6
2270,3.77E+02,atmos_CO2,carbon_cycle,ppmv CO2,Simulated,rcp26,MAGICC6
2271,3.77E+02,atmos_CO2,carbon_cycle,ppmv CO2,Simulated,rcp26,MAGICC6
2272,3.77E+02,atmos_CO2,carbon_cycle,ppmv CO2,Simulated,rcp26,MAGICC6
2273,3.77E+02,atmos_CO2,carbon_cycle,ppmv CO2,Simulated,rcp26,MAGICC6
2274,3.77E+02,atmos_CO2,carbon_cycle,ppmv CO2,Simulated,rcp26,MAGICC6
2275,3.77E+02,atmos_CO2,carbon_cycle,ppmv CO2,Simulated,rcp26,MAGICC6
2276,3.77E+02,atmos_CO2,carbon_cycle,ppmv CO2,Simulated,rcp26,MAGICC6
2277,3.77E+02,atmos_CO2,carbon_cycle,ppmv CO2,Simulated,rcp26,MAGICC6
2278,3.77E+02,atmos_CO2,carbon_cycle,ppmv CO2,Simulated,rcp26,MAGICC6
2279,3.77E+02,atmos_CO2,carbon_cycle,ppmv CO2,Simulated,rcp26,MAGICC6
2280,3.77E+02,atmos_CO2,carbon_cycle,ppmv CO2,Simulated,rcp26,MAGICC6
2281,3.77E+02,atmos_CO2,carbon_cycle,ppmv CO2,Simulated,rcp26,MAGICC6
2282,3.77E+02,atmos_CO2,carbon_cycle,ppmv CO2,Simulated,rcp26,MAGICC6
2283,3.77E+02,atmos_CO2,carbon_cycle,ppmv CO2,Simulated,rcp26,MAGICC6
2284,3.77E+02,atmos_CO2,carbon_cycle,ppmv CO2,Simulated,rcp26,MAGICC6
2285,3.77E+02,atmos_CO2,carbon_cycle,ppmv CO2,Simulated,rcp26,MAGICC6
2286,3.77E+02,atmos_CO2,carbon_cycle,ppmv CO2,Simulated,rcp26,MAGICC6
2287,3.77E+02,atmos_CO2,carbon_cycle,ppmv CO2,Simulated,rcp26,MAGICC6
2288,3.77E+02,atmos_CO2,carbon_cycle,ppmv CO2,Simulated,rcp26,MAGICC6
2289,3.77E+02,atmos_CO2,carbon_cycle,ppmv CO2,Simulated,rcp26,MAGICC6
2290,3.77E+02,atmos_CO2,carbon_cycle,ppmv CO2,Simulated,rcp26,MAGICC6
2291,3.77E+02,atmos_CO2,carbon_cycle,ppmv CO2,Simulated,rcp26,MAGICC6
2292,3.77E+02,atmos_CO2,carbon_cycle,ppmv CO2,Simulated,rcp26,MAGICC6
2293,3.77E+02,atmos_CO2,carbon_cycle,ppmv CO2,Simulated,rcp26,MAGICC6
2294,3.77E+02,atmos_CO2,carbon_cycle,ppmv CO2,Simulated,rcp26,MAGICC6
2295,3.77E+02,atmos_CO2,carbon_cycle,ppmv CO2,Simulated,rcp26,MAGICC6
2296,3.77E+02,atmos_CO2,carbon_cycle,ppmv CO2,Simulated,rcp26,MAGICC6
2297,3.77E+02,atmos_CO2,carbon_cycle,ppmv CO2,Simulated,rcp26,MAGICC6
2298,3.77E+02,atmos_CO2,carbon_cycle,ppmv CO2,Simulated,rcp26,MAGICC6
2299,3.77E+02,atmos_CO2,carbon_cycle,ppmv CO2,Simulated,rcp26,MAGICC6
2300,3.77E+02,atmos_CO2,carbon_cycle,ppmv CO2,Simulated,rcp26,MAGICC6
