# MAGICC 6 RCP 3PD ,,,,,,,
# TOTAL_INCLVOLCANIC_RF,,,,,,,
year,value,vtag,units,ctag,type,Scenario,model
1765,0.00E+00,Ftot,W/m2,forcing,Simulated,rcp26,MAGICC6
1766,1.96E-02,Ftot,W/m2,forcing,Simulated,rcp26,MAGICC6
1767,6.16E-02,Ftot,W/m2,forcing,Simulated,rcp26,MAGICC6
1768,3.13E-02,Ftot,W/m2,forcing,Simulated,rcp26,MAGICC6
1769,-1.21E-02,Ftot,W/m2,forcing,Simulated,rcp26,MAGICC6
1770,3.28E-02,Ftot,W/m2,forcing,Simulated,rcp26,MAGICC6
1771,7.06E-02,Ftot,W/m2,forcing,Simulated,rcp26,MAGICC6
1772,6.43E-02,Ftot,W/m2,forcing,Simulated,rcp26,MAGICC6
1773,5.23E-02,Ftot,W/m2,forcing,Simulated,rcp26,MAGICC6
1774,3.90E-02,Ftot,W/m2,forcing,Simulated,rcp26,MAGICC6
1775,3.38E-02,Ftot,W/m2,forcing,Simulated,rcp26,MAGICC6
1776,5.50E-02,Ftot,W/m2,forcing,Simulated,rcp26,MAGICC6
1777,9.16E-02,Ftot,W/m2,forcing,Simulated,rcp26,MAGICC6
1778,1.19E-01,Ftot,W/m2,forcing,Simulated,rcp26,MAGICC6
1779,1.11E-01,Ftot,W/m2,forcing,Simulated,rcp26,MAGICC6
1780,1.07E-01,Ftot,W/m2,forcing,Simulated,rcp26,MAGICC6
1781,9.51E-02,Ftot,W/m2,forcing,Simulated,rcp26,MAGICC6
1782,2.20E-02,Ftot,W/m2,forcing,Simulated,rcp26,MAGICC6
1783,-1.36E-01,Ftot,W/m2,forcing,Simulated,rcp26,MAGICC6
1784,-1.49E-01,Ftot,W/m2,forcing,Simulated,rcp26,MAGICC6
1785,8.68E-03,Ftot,W/m2,forcing,Simulated,rcp26,MAGICC6
1786,1.06E-01,Ftot,W/m2,forcing,Simulated,rcp26,MAGICC6
1787,1.36E-01,Ftot,W/m2,forcing,Simulated,rcp26,MAGICC6
1788,1.23E-01,Ftot,W/m2,forcing,Simulated,rcp26,MAGICC6
1789,-8.59E-02,Ftot,W/m2,forcing,Simulated,rcp26,MAGICC6
1790,-2.01E-01,Ftot,W/m2,forcing,Simulated,rcp26,MAGICC6
1791,-4.76E-02,Ftot,W/m2,forcing,Simulated,rcp26,MAGICC6
1792,4.83E-02,Ftot,W/m2,forcing,Simulated,rcp26,MAGICC6
1793,7.60E-02,Ftot,W/m2,forcing,Simulated,rcp26,MAGICC6
1794,4.26E-02,Ftot,W/m2,forcing,Simulated,rcp26,MAGICC6
1795,6.17E-03,Ftot,W/m2,forcing,Simulated,rcp26,MAGICC6
1796,1.90E-02,Ftot,W/m2,forcing,Simulated,rcp26,MAGICC6
1797,4.02E-02,Ftot,W/m2,forcing,Simulated,rcp26,MAGICC6
1798,4.99E-02,Ftot,W/m2,forcing,Simulated,rcp26,MAGICC6
1799,5.65E-02,Ftot,W/m2,forcing,Simulated,rcp26,MAGICC6
1800,8.55E-02,Ftot,W/m2,forcing,Simulated,rcp26,MAGICC6
1801,1.01E-01,Ftot,W/m2,forcing,Simulated,rcp26,MAGICC6
1802,7.98E-02,Ftot,W/m2,forcing,Simulated,rcp26,MAGICC6
1803,7.19E-02,Ftot,W/m2,forcing,Simulated,rcp26,MAGICC6
1804,7.57E-02,Ftot,W/m2,forcing,Simulated,rcp26,MAGICC6
1805,7.05E-02,Ftot,W/m2,forcing,Simulated,rcp26,MAGICC6
1806,5.77E-02,Ftot,W/m2,forcing,Simulated,rcp26,MAGICC6
1807,5.21E-02,Ftot,W/m2,forcing,Simulated,rcp26,MAGICC6
1808,-9.30E-01,Ftot,W/m2,forcing,Simulated,rcp26,MAGICC6
1809,-2.23E+00,Ftot,W/m2,forcing,Simulated,rcp26,MAGICC6
1810,-1.73E+00,Ftot,W/m2,forcing,Simulated,rcp26,MAGICC6
1811,-6.43E-01,Ftot,W/m2,forcing,Simulated,rcp26,MAGICC6
1812,-3.80E-01,Ftot,W/m2,forcing,Simulated,rcp26,MAGICC6
1813,-2.41E-01,Ftot,W/m2,forcing,Simulated,rcp26,MAGICC6
1814,-1.42E+00,Ftot,W/m2,forcing,Simulated,rcp26,MAGICC6
1815,-3.17E+00,Ftot,W/m2,forcing,Simulated,rcp26,MAGICC6
1816,-2.42E+00,Ftot,W/m2,forcing,Simulated,rcp26,MAGICC6
1817,-8.29E-01,Ftot,W/m2,forcing,Simulated,rcp26,MAGICC6
1818,-1.67E-01,Ftot,W/m2,forcing,Simulated,rcp26,MAGICC6
1819,7.32E-02,Ftot,W/m2,forcing,Simulated,rcp26,MAGICC6
1820,8.56E-02,Ftot,W/m2,forcing,Simulated,rcp26,MAGICC6
1821,8.74E-02,Ftot,W/m2,forcing,Simulated,rcp26,MAGICC6
1822,9.07E-02,Ftot,W/m2,forcing,Simulated,rcp26,MAGICC6
1823,9.55E-02,Ftot,W/m2,forcing,Simulated,rcp26,MAGICC6
1824,1.07E-01,Ftot,W/m2,forcing,Simulated,rcp26,MAGICC6
1825,1.23E-01,Ftot,W/m2,forcing,Simulated,rcp26,MAGICC6
1826,1.44E-01,Ftot,W/m2,forcing,Simulated,rcp26,MAGICC6
1827,1.62E-01,Ftot,W/m2,forcing,Simulated,rcp26,MAGICC6
1828,1.64E-01,Ftot,W/m2,forcing,Simulated,rcp26,MAGICC6
1829,1.10E-01,Ftot,W/m2,forcing,Simulated,rcp26,MAGICC6
1830,-2.72E-01,Ftot,W/m2,forcing,Simulated,rcp26,MAGICC6
1831,-6.79E-01,Ftot,W/m2,forcing,Simulated,rcp26,MAGICC6
1832,-4.88E-01,Ftot,W/m2,forcing,Simulated,rcp26,MAGICC6
1833,-1.01E-01,Ftot,W/m2,forcing,Simulated,rcp26,MAGICC6
1834,-7.94E-01,Ftot,W/m2,forcing,Simulated,rcp26,MAGICC6
1835,-1.31E+00,Ftot,W/m2,forcing,Simulated,rcp26,MAGICC6
1836,-6.26E-01,Ftot,W/m2,forcing,Simulated,rcp26,MAGICC6
1837,-8.84E-02,Ftot,W/m2,forcing,Simulated,rcp26,MAGICC6
1838,1.22E-01,Ftot,W/m2,forcing,Simulated,rcp26,MAGICC6
1839,1.40E-01,Ftot,W/m2,forcing,Simulated,rcp26,MAGICC6
1840,8.19E-02,Ftot,W/m2,forcing,Simulated,rcp26,MAGICC6
1841,9.19E-02,Ftot,W/m2,forcing,Simulated,rcp26,MAGICC6
1842,8.31E-02,Ftot,W/m2,forcing,Simulated,rcp26,MAGICC6
1843,3.89E-02,Ftot,W/m2,forcing,Simulated,rcp26,MAGICC6
1844,7.34E-02,Ftot,W/m2,forcing,Simulated,rcp26,MAGICC6
1845,1.39E-01,Ftot,W/m2,forcing,Simulated,rcp26,MAGICC6
1846,1.79E-01,Ftot,W/m2,forcing,Simulated,rcp26,MAGICC6
1847,2.16E-01,Ftot,W/m2,forcing,Simulated,rcp26,MAGICC6
1848,2.37E-01,Ftot,W/m2,forcing,Simulated,rcp26,MAGICC6
1849,1.88E-01,Ftot,W/m2,forcing,Simulated,rcp26,MAGICC6
1850,1.58E-01,Ftot,W/m2,forcing,Simulated,rcp26,MAGICC6
1851,1.75E-01,Ftot,W/m2,forcing,Simulated,rcp26,MAGICC6
1852,1.62E-01,Ftot,W/m2,forcing,Simulated,rcp26,MAGICC6
1853,1.60E-01,Ftot,W/m2,forcing,Simulated,rcp26,MAGICC6
1854,1.43E-01,Ftot,W/m2,forcing,Simulated,rcp26,MAGICC6
1855,-1.22E-01,Ftot,W/m2,forcing,Simulated,rcp26,MAGICC6
1856,-7.65E-01,Ftot,W/m2,forcing,Simulated,rcp26,MAGICC6
1857,-5.89E-01,Ftot,W/m2,forcing,Simulated,rcp26,MAGICC6
1858,-6.96E-02,Ftot,W/m2,forcing,Simulated,rcp26,MAGICC6
1859,1.29E-01,Ftot,W/m2,forcing,Simulated,rcp26,MAGICC6
1860,1.88E-01,Ftot,W/m2,forcing,Simulated,rcp26,MAGICC6
1861,6.30E-02,Ftot,W/m2,forcing,Simulated,rcp26,MAGICC6
1862,-1.17E-02,Ftot,W/m2,forcing,Simulated,rcp26,MAGICC6
1863,7.46E-02,Ftot,W/m2,forcing,Simulated,rcp26,MAGICC6
1864,1.33E-01,Ftot,W/m2,forcing,Simulated,rcp26,MAGICC6
1865,1.44E-01,Ftot,W/m2,forcing,Simulated,rcp26,MAGICC6
1866,1.42E-01,Ftot,W/m2,forcing,Simulated,rcp26,MAGICC6
1867,1.53E-01,Ftot,W/m2,forcing,Simulated,rcp26,MAGICC6
1868,1.92E-01,Ftot,W/m2,forcing,Simulated,rcp26,MAGICC6
1869,2.25E-01,Ftot,W/m2,forcing,Simulated,rcp26,MAGICC6
1870,2.50E-01,Ftot,W/m2,forcing,Simulated,rcp26,MAGICC6
1871,2.22E-01,Ftot,W/m2,forcing,Simulated,rcp26,MAGICC6
1872,1.58E-01,Ftot,W/m2,forcing,Simulated,rcp26,MAGICC6
1873,1.16E-01,Ftot,W/m2,forcing,Simulated,rcp26,MAGICC6
1874,1.26E-01,Ftot,W/m2,forcing,Simulated,rcp26,MAGICC6
1875,7.39E-02,Ftot,W/m2,forcing,Simulated,rcp26,MAGICC6
1876,3.78E-02,Ftot,W/m2,forcing,Simulated,rcp26,MAGICC6
1877,8.33E-02,Ftot,W/m2,forcing,Simulated,rcp26,MAGICC6
1878,1.20E-01,Ftot,W/m2,forcing,Simulated,rcp26,MAGICC6
1879,1.51E-01,Ftot,W/m2,forcing,Simulated,rcp26,MAGICC6
1880,1.84E-01,Ftot,W/m2,forcing,Simulated,rcp26,MAGICC6
1881,2.10E-01,Ftot,W/m2,forcing,Simulated,rcp26,MAGICC6
1882,4.89E-03,Ftot,W/m2,forcing,Simulated,rcp26,MAGICC6
1883,-1.60E+00,Ftot,W/m2,forcing,Simulated,rcp26,MAGICC6
1884,-1.47E+00,Ftot,W/m2,forcing,Simulated,rcp26,MAGICC6
1885,-4.31E-01,Ftot,W/m2,forcing,Simulated,rcp26,MAGICC6
1886,-5.05E-01,Ftot,W/m2,forcing,Simulated,rcp26,MAGICC6
1887,-1.94E-01,Ftot,W/m2,forcing,Simulated,rcp26,MAGICC6
1888,-3.04E-01,Ftot,W/m2,forcing,Simulated,rcp26,MAGICC6
1889,-3.30E-01,Ftot,W/m2,forcing,Simulated,rcp26,MAGICC6
1890,-3.82E-01,Ftot,W/m2,forcing,Simulated,rcp26,MAGICC6
1891,-1.39E-01,Ftot,W/m2,forcing,Simulated,rcp26,MAGICC6
1892,1.72E-02,Ftot,W/m2,forcing,Simulated,rcp26,MAGICC6
1893,1.99E-01,Ftot,W/m2,forcing,Simulated,rcp26,MAGICC6
1894,2.54E-01,Ftot,W/m2,forcing,Simulated,rcp26,MAGICC6
1895,1.51E-01,Ftot,W/m2,forcing,Simulated,rcp26,MAGICC6
1896,-9.06E-02,Ftot,W/m2,forcing,Simulated,rcp26,MAGICC6
1897,-4.80E-02,Ftot,W/m2,forcing,Simulated,rcp26,MAGICC6
1898,1.01E-01,Ftot,W/m2,forcing,Simulated,rcp26,MAGICC6
1899,1.71E-01,Ftot,W/m2,forcing,Simulated,rcp26,MAGICC6
1900,1.94E-01,Ftot,W/m2,forcing,Simulated,rcp26,MAGICC6
1901,1.38E-01,Ftot,W/m2,forcing,Simulated,rcp26,MAGICC6
1902,-6.86E-01,Ftot,W/m2,forcing,Simulated,rcp26,MAGICC6
1903,-5.85E-01,Ftot,W/m2,forcing,Simulated,rcp26,MAGICC6
1904,-4.29E-02,Ftot,W/m2,forcing,Simulated,rcp26,MAGICC6
1905,1.48E-01,Ftot,W/m2,forcing,Simulated,rcp26,MAGICC6
1906,1.66E-01,Ftot,W/m2,forcing,Simulated,rcp26,MAGICC6
1907,1.08E-01,Ftot,W/m2,forcing,Simulated,rcp26,MAGICC6
1908,2.01E-01,Ftot,W/m2,forcing,Simulated,rcp26,MAGICC6
1909,2.40E-01,Ftot,W/m2,forcing,Simulated,rcp26,MAGICC6
1910,2.44E-01,Ftot,W/m2,forcing,Simulated,rcp26,MAGICC6
1911,2.42E-01,Ftot,W/m2,forcing,Simulated,rcp26,MAGICC6
1912,-2.31E-01,Ftot,W/m2,forcing,Simulated,rcp26,MAGICC6
1913,5.16E-02,Ftot,W/m2,forcing,Simulated,rcp26,MAGICC6
1914,2.59E-01,Ftot,W/m2,forcing,Simulated,rcp26,MAGICC6
1915,3.65E-01,Ftot,W/m2,forcing,Simulated,rcp26,MAGICC6
1916,4.09E-01,Ftot,W/m2,forcing,Simulated,rcp26,MAGICC6
1917,4.37E-01,Ftot,W/m2,forcing,Simulated,rcp26,MAGICC6
1918,4.24E-01,Ftot,W/m2,forcing,Simulated,rcp26,MAGICC6
1919,3.93E-01,Ftot,W/m2,forcing,Simulated,rcp26,MAGICC6
1920,2.19E-01,Ftot,W/m2,forcing,Simulated,rcp26,MAGICC6
1921,3.43E-01,Ftot,W/m2,forcing,Simulated,rcp26,MAGICC6
1922,3.90E-01,Ftot,W/m2,forcing,Simulated,rcp26,MAGICC6
1923,3.83E-01,Ftot,W/m2,forcing,Simulated,rcp26,MAGICC6
1924,3.96E-01,Ftot,W/m2,forcing,Simulated,rcp26,MAGICC6
1925,4.53E-01,Ftot,W/m2,forcing,Simulated,rcp26,MAGICC6
1926,4.84E-01,Ftot,W/m2,forcing,Simulated,rcp26,MAGICC6
1927,4.93E-01,Ftot,W/m2,forcing,Simulated,rcp26,MAGICC6
1928,3.91E-01,Ftot,W/m2,forcing,Simulated,rcp26,MAGICC6
1929,3.92E-01,Ftot,W/m2,forcing,Simulated,rcp26,MAGICC6
1930,4.48E-01,Ftot,W/m2,forcing,Simulated,rcp26,MAGICC6
1931,4.44E-01,Ftot,W/m2,forcing,Simulated,rcp26,MAGICC6
1932,3.81E-01,Ftot,W/m2,forcing,Simulated,rcp26,MAGICC6
1933,4.68E-01,Ftot,W/m2,forcing,Simulated,rcp26,MAGICC6
1934,5.02E-01,Ftot,W/m2,forcing,Simulated,rcp26,MAGICC6
1935,5.80E-01,Ftot,W/m2,forcing,Simulated,rcp26,MAGICC6
1936,6.18E-01,Ftot,W/m2,forcing,Simulated,rcp26,MAGICC6
1937,6.07E-01,Ftot,W/m2,forcing,Simulated,rcp26,MAGICC6
1938,5.95E-01,Ftot,W/m2,forcing,Simulated,rcp26,MAGICC6
1939,6.15E-01,Ftot,W/m2,forcing,Simulated,rcp26,MAGICC6
1940,6.17E-01,Ftot,W/m2,forcing,Simulated,rcp26,MAGICC6
1941,5.99E-01,Ftot,W/m2,forcing,Simulated,rcp26,MAGICC6
1942,5.29E-01,Ftot,W/m2,forcing,Simulated,rcp26,MAGICC6
1943,5.52E-01,Ftot,W/m2,forcing,Simulated,rcp26,MAGICC6
1944,5.86E-01,Ftot,W/m2,forcing,Simulated,rcp26,MAGICC6
1945,6.30E-01,Ftot,W/m2,forcing,Simulated,rcp26,MAGICC6
1946,6.54E-01,Ftot,W/m2,forcing,Simulated,rcp26,MAGICC6
1947,6.60E-01,Ftot,W/m2,forcing,Simulated,rcp26,MAGICC6
1948,6.73E-01,Ftot,W/m2,forcing,Simulated,rcp26,MAGICC6
1949,6.19E-01,Ftot,W/m2,forcing,Simulated,rcp26,MAGICC6
1950,5.99E-01,Ftot,W/m2,forcing,Simulated,rcp26,MAGICC6
1951,5.39E-01,Ftot,W/m2,forcing,Simulated,rcp26,MAGICC6
1952,5.29E-01,Ftot,W/m2,forcing,Simulated,rcp26,MAGICC6
1953,4.98E-01,Ftot,W/m2,forcing,Simulated,rcp26,MAGICC6
1954,5.46E-01,Ftot,W/m2,forcing,Simulated,rcp26,MAGICC6
1955,6.19E-01,Ftot,W/m2,forcing,Simulated,rcp26,MAGICC6
1956,7.14E-01,Ftot,W/m2,forcing,Simulated,rcp26,MAGICC6
1957,7.55E-01,Ftot,W/m2,forcing,Simulated,rcp26,MAGICC6
1958,7.45E-01,Ftot,W/m2,forcing,Simulated,rcp26,MAGICC6
1959,7.28E-01,Ftot,W/m2,forcing,Simulated,rcp26,MAGICC6
1960,5.68E-01,Ftot,W/m2,forcing,Simulated,rcp26,MAGICC6
1961,4.70E-01,Ftot,W/m2,forcing,Simulated,rcp26,MAGICC6
1962,3.55E-01,Ftot,W/m2,forcing,Simulated,rcp26,MAGICC6
1963,-4.96E-01,Ftot,W/m2,forcing,Simulated,rcp26,MAGICC6
1964,-3.40E-01,Ftot,W/m2,forcing,Simulated,rcp26,MAGICC6
1965,2.01E-01,Ftot,W/m2,forcing,Simulated,rcp26,MAGICC6
1966,5.21E-01,Ftot,W/m2,forcing,Simulated,rcp26,MAGICC6
1967,5.52E-01,Ftot,W/m2,forcing,Simulated,rcp26,MAGICC6
1968,2.02E-01,Ftot,W/m2,forcing,Simulated,rcp26,MAGICC6
1969,4.84E-01,Ftot,W/m2,forcing,Simulated,rcp26,MAGICC6
1970,7.46E-01,Ftot,W/m2,forcing,Simulated,rcp26,MAGICC6
1971,8.63E-01,Ftot,W/m2,forcing,Simulated,rcp26,MAGICC6
1972,8.67E-01,Ftot,W/m2,forcing,Simulated,rcp26,MAGICC6
1973,7.93E-01,Ftot,W/m2,forcing,Simulated,rcp26,MAGICC6
1974,5.73E-01,Ftot,W/m2,forcing,Simulated,rcp26,MAGICC6
1975,6.06E-01,Ftot,W/m2,forcing,Simulated,rcp26,MAGICC6
1976,8.85E-01,Ftot,W/m2,forcing,Simulated,rcp26,MAGICC6
1977,1.05E+00,Ftot,W/m2,forcing,Simulated,rcp26,MAGICC6
1978,1.04E+00,Ftot,W/m2,forcing,Simulated,rcp26,MAGICC6
1979,1.21E+00,Ftot,W/m2,forcing,Simulated,rcp26,MAGICC6
1980,1.26E+00,Ftot,W/m2,forcing,Simulated,rcp26,MAGICC6
1981,1.09E+00,Ftot,W/m2,forcing,Simulated,rcp26,MAGICC6
1982,-1.28E-01,Ftot,W/m2,forcing,Simulated,rcp26,MAGICC6
1983,4.80E-01,Ftot,W/m2,forcing,Simulated,rcp26,MAGICC6
1984,9.59E-01,Ftot,W/m2,forcing,Simulated,rcp26,MAGICC6
1985,1.08E+00,Ftot,W/m2,forcing,Simulated,rcp26,MAGICC6
1986,1.14E+00,Ftot,W/m2,forcing,Simulated,rcp26,MAGICC6
1987,1.26E+00,Ftot,W/m2,forcing,Simulated,rcp26,MAGICC6
1988,1.42E+00,Ftot,W/m2,forcing,Simulated,rcp26,MAGICC6
1989,1.51E+00,Ftot,W/m2,forcing,Simulated,rcp26,MAGICC6
1990,1.51E+00,Ftot,W/m2,forcing,Simulated,rcp26,MAGICC6
1991,-3.64E-01,Ftot,W/m2,forcing,Simulated,rcp26,MAGICC6
1992,2.65E-01,Ftot,W/m2,forcing,Simulated,rcp26,MAGICC6
1993,1.06E+00,Ftot,W/m2,forcing,Simulated,rcp26,MAGICC6
1994,1.34E+00,Ftot,W/m2,forcing,Simulated,rcp26,MAGICC6
1995,1.47E+00,Ftot,W/m2,forcing,Simulated,rcp26,MAGICC6
1996,1.54E+00,Ftot,W/m2,forcing,Simulated,rcp26,MAGICC6
1997,1.63E+00,Ftot,W/m2,forcing,Simulated,rcp26,MAGICC6
1998,1.75E+00,Ftot,W/m2,forcing,Simulated,rcp26,MAGICC6
1999,1.85E+00,Ftot,W/m2,forcing,Simulated,rcp26,MAGICC6
2000,1.88E+00,Ftot,W/m2,forcing,Simulated,rcp26,MAGICC6
2001,1.91E+00,Ftot,W/m2,forcing,Simulated,rcp26,MAGICC6
2002,1.92E+00,Ftot,W/m2,forcing,Simulated,rcp26,MAGICC6
2003,1.90E+00,Ftot,W/m2,forcing,Simulated,rcp26,MAGICC6
2004,1.89E+00,Ftot,W/m2,forcing,Simulated,rcp26,MAGICC6
2005,1.91E+00,Ftot,W/m2,forcing,Simulated,rcp26,MAGICC6
2006,1.94E+00,Ftot,W/m2,forcing,Simulated,rcp26,MAGICC6
2007,1.97E+00,Ftot,W/m2,forcing,Simulated,rcp26,MAGICC6
2008,2.00E+00,Ftot,W/m2,forcing,Simulated,rcp26,MAGICC6
2009,2.15E+00,Ftot,W/m2,forcing,Simulated,rcp26,MAGICC6
2010,2.18E+00,Ftot,W/m2,forcing,Simulated,rcp26,MAGICC6
2011,2.23E+00,Ftot,W/m2,forcing,Simulated,rcp26,MAGICC6
2012,2.28E+00,Ftot,W/m2,forcing,Simulated,rcp26,MAGICC6
2013,2.33E+00,Ftot,W/m2,forcing,Simulated,rcp26,MAGICC6
2014,2.38E+00,Ftot,W/m2,forcing,Simulated,rcp26,MAGICC6
2015,2.42E+00,Ftot,W/m2,forcing,Simulated,rcp26,MAGICC6
2016,2.46E+00,Ftot,W/m2,forcing,Simulated,rcp26,MAGICC6
2017,2.50E+00,Ftot,W/m2,forcing,Simulated,rcp26,MAGICC6
2018,2.54E+00,Ftot,W/m2,forcing,Simulated,rcp26,MAGICC6
2019,2.58E+00,Ftot,W/m2,forcing,Simulated,rcp26,MAGICC6
2020,2.62E+00,Ftot,W/m2,forcing,Simulated,rcp26,MAGICC6
2021,2.65E+00,Ftot,W/m2,forcing,Simulated,rcp26,MAGICC6
2022,2.68E+00,Ftot,W/m2,forcing,Simulated,rcp26,MAGICC6
2023,2.71E+00,Ftot,W/m2,forcing,Simulated,rcp26,MAGICC6
2024,2.74E+00,Ftot,W/m2,forcing,Simulated,rcp26,MAGICC6
2025,2.77E+00,Ftot,W/m2,forcing,Simulated,rcp26,MAGICC6
2026,2.79E+00,Ftot,W/m2,forcing,Simulated,rcp26,MAGICC6
2027,2.82E+00,Ftot,W/m2,forcing,Simulated,rcp26,MAGICC6
2028,2.84E+00,Ftot,W/m2,forcing,Simulated,rcp26,MAGICC6
2029,2.87E+00,Ftot,W/m2,forcing,Simulated,rcp26,MAGICC6
2030,2.89E+00,Ftot,W/m2,forcing,Simulated,rcp26,MAGICC6
2031,2.90E+00,Ftot,W/m2,forcing,Simulated,rcp26,MAGICC6
2032,2.92E+00,Ftot,W/m2,forcing,Simulated,rcp26,MAGICC6
2033,2.94E+00,Ftot,W/m2,forcing,Simulated,rcp26,MAGICC6
2034,2.95E+00,Ftot,W/m2,forcing,Simulated,rcp26,MAGICC6
2035,2.96E+00,Ftot,W/m2,forcing,Simulated,rcp26,MAGICC6
2036,2.98E+00,Ftot,W/m2,forcing,Simulated,rcp26,MAGICC6
2037,2.99E+00,Ftot,W/m2,forcing,Simulated,rcp26,MAGICC6
2038,3.00E+00,Ftot,W/m2,forcing,Simulated,rcp26,MAGICC6
2039,3.01E+00,Ftot,W/m2,forcing,Simulated,rcp26,MAGICC6
2040,3.01E+00,Ftot,W/m2,forcing,Simulated,rcp26,MAGICC6
2041,3.01E+00,Ftot,W/m2,forcing,Simulated,rcp26,MAGICC6
2042,3.01E+00,Ftot,W/m2,forcing,Simulated,rcp26,MAGICC6
2043,3.01E+00,Ftot,W/m2,forcing,Simulated,rcp26,MAGICC6
2044,3.01E+00,Ftot,W/m2,forcing,Simulated,rcp26,MAGICC6
2045,3.01E+00,Ftot,W/m2,forcing,Simulated,rcp26,MAGICC6
2046,3.01E+00,Ftot,W/m2,forcing,Simulated,rcp26,MAGICC6
2047,3.00E+00,Ftot,W/m2,forcing,Simulated,rcp26,MAGICC6
2048,3.00E+00,Ftot,W/m2,forcing,Simulated,rcp26,MAGICC6
2049,2.99E+00,Ftot,W/m2,forcing,Simulated,rcp26,MAGICC6
2050,2.98E+00,Ftot,W/m2,forcing,Simulated,rcp26,MAGICC6
2051,2.98E+00,Ftot,W/m2,forcing,Simulated,rcp26,MAGICC6
2052,2.97E+00,Ftot,W/m2,forcing,Simulated,rcp26,MAGICC6
2053,2.95E+00,Ftot,W/m2,forcing,Simulated,rcp26,MAGICC6
2054,2.94E+00,Ftot,W/m2,forcing,Simulated,rcp26,MAGICC6
2055,2.93E+00,Ftot,W/m2,forcing,Simulated,rcp26,MAGICC6
2056,2.92E+00,Ftot,W/m2,forcing,Simulated,rcp26,MAGICC6
2057,2.91E+00,Ftot,W/m2,forcing,Simulated,rcp26,MAGICC6
2058,2.90E+00,Ftot,W/m2,forcing,Simulated,rcp26,MAGICC6
2059,2.89E+00,Ftot,W/m2,forcing,Simulated,rcp26,MAGICC6
2060,2.88E+00,Ftot,W/m2,forcing,Simulated,rcp26,MAGICC6
2061,2.87E+00,Ftot,W/m2,forcing,Simulated,rcp26,MAGICC6
2062,2.86E+00,Ftot,W/m2,forcing,Simulated,rcp26,MAGICC6
2063,2.85E+00,Ftot,W/m2,forcing,Simulated,rcp26,MAGICC6
2064,2.84E+00,Ftot,W/m2,forcing,Simulated,rcp26,MAGICC6
2065,2.83E+00,Ftot,W/m2,forcing,Simulated,rcp26,MAGICC6
2066,2.82E+00,Ftot,W/m2,forcing,Simulated,rcp26,MAGICC6
2067,2.81E+00,Ftot,W/m2,forcing,Simulated,rcp26,MAGICC6
2068,2.81E+00,Ftot,W/m2,forcing,Simulated,rcp26,MAGICC6
2069,2.80E+00,Ftot,W/m2,forcing,Simulated,rcp26,MAGICC6
2070,2.79E+00,Ftot,W/m2,forcing,Simulated,rcp26,MAGICC6
2071,2.78E+00,Ftot,W/m2,forcing,Simulated,rcp26,MAGICC6
2072,2.77E+00,Ftot,W/m2,forcing,Simulated,rcp26,MAGICC6
2073,2.77E+00,Ftot,W/m2,forcing,Simulated,rcp26,MAGICC6
2074,2.76E+00,Ftot,W/m2,forcing,Simulated,rcp26,MAGICC6
2075,2.75E+00,Ftot,W/m2,forcing,Simulated,rcp26,MAGICC6
2076,2.74E+00,Ftot,W/m2,forcing,Simulated,rcp26,MAGICC6
2077,2.74E+00,Ftot,W/m2,forcing,Simulated,rcp26,MAGICC6
2078,2.73E+00,Ftot,W/m2,forcing,Simulated,rcp26,MAGICC6
2079,2.73E+00,Ftot,W/m2,forcing,Simulated,rcp26,MAGICC6
2080,2.72E+00,Ftot,W/m2,forcing,Simulated,rcp26,MAGICC6
2081,2.71E+00,Ftot,W/m2,forcing,Simulated,rcp26,MAGICC6
2082,2.71E+00,Ftot,W/m2,forcing,Simulated,rcp26,MAGICC6
2083,2.70E+00,Ftot,W/m2,forcing,Simulated,rcp26,MAGICC6
2084,2.69E+00,Ftot,W/m2,forcing,Simulated,rcp26,MAGICC6
2085,2.69E+00,Ftot,W/m2,forcing,Simulated,rcp26,MAGICC6
2086,2.68E+00,Ftot,W/m2,forcing,Simulated,rcp26,MAGICC6
2087,2.67E+00,Ftot,W/m2,forcing,Simulated,rcp26,MAGICC6
2088,2.67E+00,Ftot,W/m2,forcing,Simulated,rcp26,MAGICC6
2089,2.66E+00,Ftot,W/m2,forcing,Simulated,rcp26,MAGICC6
2090,2.65E+00,Ftot,W/m2,forcing,Simulated,rcp26,MAGICC6
2091,2.65E+00,Ftot,W/m2,forcing,Simulated,rcp26,MAGICC6
2092,2.64E+00,Ftot,W/m2,forcing,Simulated,rcp26,MAGICC6
2093,2.63E+00,Ftot,W/m2,forcing,Simulated,rcp26,MAGICC6
2094,2.63E+00,Ftot,W/m2,forcing,Simulated,rcp26,MAGICC6
2095,2.62E+00,Ftot,W/m2,forcing,Simulated,rcp26,MAGICC6
2096,2.62E+00,Ftot,W/m2,forcing,Simulated,rcp26,MAGICC6
2097,2.61E+00,Ftot,W/m2,forcing,Simulated,rcp26,MAGICC6
2098,2.60E+00,Ftot,W/m2,forcing,Simulated,rcp26,MAGICC6
2099,2.60E+00,Ftot,W/m2,forcing,Simulated,rcp26,MAGICC6
2100,2.59E+00,Ftot,W/m2,forcing,Simulated,rcp26,MAGICC6
2101,2.58E+00,Ftot,W/m2,forcing,Simulated,rcp26,MAGICC6
2102,2.57E+00,Ftot,W/m2,forcing,Simulated,rcp26,MAGICC6
2103,2.56E+00,Ftot,W/m2,forcing,Simulated,rcp26,MAGICC6
2104,2.56E+00,Ftot,W/m2,forcing,Simulated,rcp26,MAGICC6
2105,2.55E+00,Ftot,W/m2,forcing,Simulated,rcp26,MAGICC6
2106,2.54E+00,Ftot,W/m2,forcing,Simulated,rcp26,MAGICC6
2107,2.53E+00,Ftot,W/m2,forcing,Simulated,rcp26,MAGICC6
2108,2.52E+00,Ftot,W/m2,forcing,Simulated,rcp26,MAGICC6
2109,2.52E+00,Ftot,W/m2,forcing,Simulated,rcp26,MAGICC6
2110,2.51E+00,Ftot,W/m2,forcing,Simulated,rcp26,MAGICC6
2111,2.50E+00,Ftot,W/m2,forcing,Simulated,rcp26,MAGICC6
2112,2.50E+00,Ftot,W/m2,forcing,Simulated,rcp26,MAGICC6
2113,2.49E+00,Ftot,W/m2,forcing,Simulated,rcp26,MAGICC6
2114,2.48E+00,Ftot,W/m2,forcing,Simulated,rcp26,MAGICC6
2115,2.47E+00,Ftot,W/m2,forcing,Simulated,rcp26,MAGICC6
2116,2.47E+00,Ftot,W/m2,forcing,Simulated,rcp26,MAGICC6
2117,2.46E+00,Ftot,W/m2,forcing,Simulated,rcp26,MAGICC6
2118,2.45E+00,Ftot,W/m2,forcing,Simulated,rcp26,MAGICC6
2119,2.45E+00,Ftot,W/m2,forcing,Simulated,rcp26,MAGICC6
2120,2.44E+00,Ftot,W/m2,forcing,Simulated,rcp26,MAGICC6
2121,2.43E+00,Ftot,W/m2,forcing,Simulated,rcp26,MAGICC6
2122,2.43E+00,Ftot,W/m2,forcing,Simulated,rcp26,MAGICC6
2123,2.42E+00,Ftot,W/m2,forcing,Simulated,rcp26,MAGICC6
2124,2.41E+00,Ftot,W/m2,forcing,Simulated,rcp26,MAGICC6
2125,2.41E+00,Ftot,W/m2,forcing,Simulated,rcp26,MAGICC6
2126,2.40E+00,Ftot,W/m2,forcing,Simulated,rcp26,MAGICC6
2127,2.39E+00,Ftot,W/m2,forcing,Simulated,rcp26,MAGICC6
2128,2.39E+00,Ftot,W/m2,forcing,Simulated,rcp26,MAGICC6
2129,2.38E+00,Ftot,W/m2,forcing,Simulated,rcp26,MAGICC6
2130,2.37E+00,Ftot,W/m2,forcing,Simulated,rcp26,MAGICC6
2131,2.37E+00,Ftot,W/m2,forcing,Simulated,rcp26,MAGICC6
2132,2.36E+00,Ftot,W/m2,forcing,Simulated,rcp26,MAGICC6
2133,2.35E+00,Ftot,W/m2,forcing,Simulated,rcp26,MAGICC6
2134,2.35E+00,Ftot,W/m2,forcing,Simulated,rcp26,MAGICC6
2135,2.34E+00,Ftot,W/m2,forcing,Simulated,rcp26,MAGICC6
2136,2.34E+00,Ftot,W/m2,forcing,Simulated,rcp26,MAGICC6
2137,2.33E+00,Ftot,W/m2,forcing,Simulated,rcp26,MAGICC6
2138,2.33E+00,Ftot,W/m2,forcing,Simulated,rcp26,MAGICC6
2139,2.32E+00,Ftot,W/m2,forcing,Simulated,rcp26,MAGICC6
2140,2.31E+00,Ftot,W/m2,forcing,Simulated,rcp26,MAGICC6
2141,2.31E+00,Ftot,W/m2,forcing,Simulated,rcp26,MAGICC6
2142,2.30E+00,Ftot,W/m2,forcing,Simulated,rcp26,MAGICC6
2143,2.30E+00,Ftot,W/m2,forcing,Simulated,rcp26,MAGICC6
2144,2.29E+00,Ftot,W/m2,forcing,Simulated,rcp26,MAGICC6
2145,2.29E+00,Ftot,W/m2,forcing,Simulated,rcp26,MAGICC6
2146,2.28E+00,Ftot,W/m2,forcing,Simulated,rcp26,MAGICC6
2147,2.28E+00,Ftot,W/m2,forcing,Simulated,rcp26,MAGICC6
2148,2.27E+00,Ftot,W/m2,forcing,Simulated,rcp26,MAGICC6
2149,2.27E+00,Ftot,W/m2,forcing,Simulated,rcp26,MAGICC6
2150,2.26E+00,Ftot,W/m2,forcing,Simulated,rcp26,MAGICC6
2151,2.25E+00,Ftot,W/m2,forcing,Simulated,rcp26,MAGICC6
2152,2.25E+00,Ftot,W/m2,forcing,Simulated,rcp26,MAGICC6
2153,2.24E+00,Ftot,W/m2,forcing,Simulated,rcp26,MAGICC6
2154,2.24E+00,Ftot,W/m2,forcing,Simulated,rcp26,MAGICC6
2155,2.23E+00,Ftot,W/m2,forcing,Simulated,rcp26,MAGICC6
2156,2.23E+00,Ftot,W/m2,forcing,Simulated,rcp26,MAGICC6
2157,2.22E+00,Ftot,W/m2,forcing,Simulated,rcp26,MAGICC6
2158,2.22E+00,Ftot,W/m2,forcing,Simulated,rcp26,MAGICC6
2159,2.22E+00,Ftot,W/m2,forcing,Simulated,rcp26,MAGICC6
2160,2.21E+00,Ftot,W/m2,forcing,Simulated,rcp26,MAGICC6
2161,2.21E+00,Ftot,W/m2,forcing,Simulated,rcp26,MAGICC6
2162,2.20E+00,Ftot,W/m2,forcing,Simulated,rcp26,MAGICC6
2163,2.20E+00,Ftot,W/m2,forcing,Simulated,rcp26,MAGICC6
2164,2.19E+00,Ftot,W/m2,forcing,Simulated,rcp26,MAGICC6
2165,2.19E+00,Ftot,W/m2,forcing,Simulated,rcp26,MAGICC6
2166,2.18E+00,Ftot,W/m2,forcing,Simulated,rcp26,MAGICC6
2167,2.18E+00,Ftot,W/m2,forcing,Simulated,rcp26,MAGICC6
2168,2.17E+00,Ftot,W/m2,forcing,Simulated,rcp26,MAGICC6
2169,2.17E+00,Ftot,W/m2,forcing,Simulated,rcp26,MAGICC6
2170,2.16E+00,Ftot,W/m2,forcing,Simulated,rcp26,MAGICC6
2171,2.16E+00,Ftot,W/m2,forcing,Simulated,rcp26,MAGICC6
2172,2.15E+00,Ftot,W/m2,forcing,Simulated,rcp26,MAGICC6
2173,2.15E+00,Ftot,W/m2,forcing,Simulated,rcp26,MAGICC6
2174,2.15E+00,Ftot,W/m2,forcing,Simulated,rcp26,MAGICC6
2175,2.14E+00,Ftot,W/m2,forcing,Simulated,rcp26,MAGICC6
2176,2.14E+00,Ftot,W/m2,forcing,Simulated,rcp26,MAGICC6
2177,2.13E+00,Ftot,W/m2,forcing,Simulated,rcp26,MAGICC6
2178,2.13E+00,Ftot,W/m2,forcing,Simulated,rcp26,MAGICC6
2179,2.12E+00,Ftot,W/m2,forcing,Simulated,rcp26,MAGICC6
2180,2.12E+00,Ftot,W/m2,forcing,Simulated,rcp26,MAGICC6
2181,2.12E+00,Ftot,W/m2,forcing,Simulated,rcp26,MAGICC6
2182,2.11E+00,Ftot,W/m2,forcing,Simulated,rcp26,MAGICC6
2183,2.11E+00,Ftot,W/m2,forcing,Simulated,rcp26,MAGICC6
2184,2.10E+00,Ftot,W/m2,forcing,Simulated,rcp26,MAGICC6
2185,2.10E+00,Ftot,W/m2,forcing,Simulated,rcp26,MAGICC6
2186,2.09E+00,Ftot,W/m2,forcing,Simulated,rcp26,MAGICC6
2187,2.09E+00,Ftot,W/m2,forcing,Simulated,rcp26,MAGICC6
2188,2.09E+00,Ftot,W/m2,forcing,Simulated,rcp26,MAGICC6
2189,2.08E+00,Ftot,W/m2,forcing,Simulated,rcp26,MAGICC6
2190,2.08E+00,Ftot,W/m2,forcing,Simulated,rcp26,MAGICC6
2191,2.07E+00,Ftot,W/m2,forcing,Simulated,rcp26,MAGICC6
2192,2.07E+00,Ftot,W/m2,forcing,Simulated,rcp26,MAGICC6
2193,2.07E+00,Ftot,W/m2,forcing,Simulated,rcp26,MAGICC6
2194,2.06E+00,Ftot,W/m2,forcing,Simulated,rcp26,MAGICC6
2195,2.06E+00,Ftot,W/m2,forcing,Simulated,rcp26,MAGICC6
2196,2.05E+00,Ftot,W/m2,forcing,Simulated,rcp26,MAGICC6
2197,2.05E+00,Ftot,W/m2,forcing,Simulated,rcp26,MAGICC6
2198,2.05E+00,Ftot,W/m2,forcing,Simulated,rcp26,MAGICC6
2199,2.04E+00,Ftot,W/m2,forcing,Simulated,rcp26,MAGICC6
2200,2.04E+00,Ftot,W/m2,forcing,Simulated,rcp26,MAGICC6
2201,2.03E+00,Ftot,W/m2,forcing,Simulated,rcp26,MAGICC6
2202,2.03E+00,Ftot,W/m2,forcing,Simulated,rcp26,MAGICC6
2203,2.03E+00,Ftot,W/m2,forcing,Simulated,rcp26,MAGICC6
2204,2.02E+00,Ftot,W/m2,forcing,Simulated,rcp26,MAGICC6
2205,2.02E+00,Ftot,W/m2,forcing,Simulated,rcp26,MAGICC6
2206,2.01E+00,Ftot,W/m2,forcing,Simulated,rcp26,MAGICC6
2207,2.01E+00,Ftot,W/m2,forcing,Simulated,rcp26,MAGICC6
2208,2.01E+00,Ftot,W/m2,forcing,Simulated,rcp26,MAGICC6
2209,2.00E+00,Ftot,W/m2,forcing,Simulated,rcp26,MAGICC6
2210,2.00E+00,Ftot,W/m2,forcing,Simulated,rcp26,MAGICC6
2211,2.00E+00,Ftot,W/m2,forcing,Simulated,rcp26,MAGICC6
2212,1.99E+00,Ftot,W/m2,forcing,Simulated,rcp26,MAGICC6
2213,1.99E+00,Ftot,W/m2,forcing,Simulated,rcp26,MAGICC6
2214,1.98E+00,Ftot,W/m2,forcing,Simulated,rcp26,MAGICC6
2215,1.98E+00,Ftot,W/m2,forcing,Simulated,rcp26,MAGICC6
2216,1.98E+00,Ftot,W/m2,forcing,Simulated,rcp26,MAGICC6
2217,1.97E+00,Ftot,W/m2,forcing,Simulated,rcp26,MAGICC6
2218,1.97E+00,Ftot,W/m2,forcing,Simulated,rcp26,MAGICC6
2219,1.97E+00,Ftot,W/m2,forcing,Simulated,rcp26,MAGICC6
2220,1.96E+00,Ftot,W/m2,forcing,Simulated,rcp26,MAGICC6
2221,1.96E+00,Ftot,W/m2,forcing,Simulated,rcp26,MAGICC6
2222,1.95E+00,Ftot,W/m2,forcing,Simulated,rcp26,MAGICC6
2223,1.95E+00,Ftot,W/m2,forcing,Simulated,rcp26,MAGICC6
2224,1.95E+00,Ftot,W/m2,forcing,Simulated,rcp26,MAGICC6
2225,1.94E+00,Ftot,W/m2,forcing,Simulated,rcp26,MAGICC6
2226,1.94E+00,Ftot,W/m2,forcing,Simulated,rcp26,MAGICC6
2227,1.94E+00,Ftot,W/m2,forcing,Simulated,rcp26,MAGICC6
2228,1.93E+00,Ftot,W/m2,forcing,Simulated,rcp26,MAGICC6
2229,1.93E+00,Ftot,W/m2,forcing,Simulated,rcp26,MAGICC6
2230,1.93E+00,Ftot,W/m2,forcing,Simulated,rcp26,MAGICC6
2231,1.92E+00,Ftot,W/m2,forcing,Simulated,rcp26,MAGICC6
2232,1.92E+00,Ftot,W/m2,forcing,Simulated,rcp26,MAGICC6
2233,1.92E+00,Ftot,W/m2,forcing,Simulated,rcp26,MAGICC6
2234,1.91E+00,Ftot,W/m2,forcing,Simulated,rcp26,MAGICC6
2235,1.91E+00,Ftot,W/m2,forcing,Simulated,rcp26,MAGICC6
2236,1.90E+00,Ftot,W/m2,forcing,Simulated,rcp26,MAGICC6
2237,1.90E+00,Ftot,W/m2,forcing,Simulated,rcp26,MAGICC6
2238,1.90E+00,Ftot,W/m2,forcing,Simulated,rcp26,MAGICC6
2239,1.89E+00,Ftot,W/m2,forcing,Simulated,rcp26,MAGICC6
2240,1.89E+00,Ftot,W/m2,forcing,Simulated,rcp26,MAGICC6
2241,1.89E+00,Ftot,W/m2,forcing,Simulated,rcp26,MAGICC6
2242,1.88E+00,Ftot,W/m2,forcing,Simulated,rcp26,MAGICC6
2243,1.88E+00,Ftot,W/m2,forcing,Simulated,rcp26,MAGICC6
2244,1.88E+00,Ftot,W/m2,forcing,Simulated,rcp26,MAGICC6
2245,1.87E+00,Ftot,W/m2,forcing,Simulated,rcp26,MAGICC6
2246,1.87E+00,Ftot,W/m2,forcing,Simulated,rcp26,MAGICC6
2247,1.87E+00,Ftot,W/m2,forcing,Simulated,rcp26,MAGICC6
2248,1.86E+00,Ftot,W/m2,forcing,Simulated,rcp26,MAGICC6
2249,1.86E+00,Ftot,W/m2,forcing,Simulated,rcp26,MAGICC6
2250,1.86E+00,Ftot,W/m2,forcing,Simulated,rcp26,MAGICC6
2251,1.86E+00,Ftot,W/m2,forcing,Simulated,rcp26,MAGICC6
2252,1.86E+00,Ftot,W/m2,forcing,Simulated,rcp26,MAGICC6
2253,1.86E+00,Ftot,W/m2,forcing,Simulated,rcp26,MAGICC6
2254,1.86E+00,Ftot,W/m2,forcing,Simulated,rcp26,MAGICC6
2255,1.86E+00,Ftot,W/m2,forcing,Simulated,rcp26,MAGICC6
2256,1.86E+00,Ftot,W/m2,forcing,Simulated,rcp26,MAGICC6
2257,1.86E+00,Ftot,W/m2,forcing,Simulated,rcp26,MAGICC6
2258,1.86E+00,Ftot,W/m2,forcing,Simulated,rcp26,MAGICC6
2259,1.86E+00,Ftot,W/m2,forcing,Simulated,rcp26,MAGICC6
2260,1.86E+00,Ftot,W/m2,forcing,Simulated,rcp26,MAGICC6
2261,1.86E+00,Ftot,W/m2,forcing,Simulated,rcp26,MAGICC6
2262,1.86E+00,Ftot,W/m2,forcing,Simulated,rcp26,MAGICC6
2263,1.86E+00,Ftot,W/m2,forcing,Simulated,rcp26,MAGICC6
2264,1.86E+00,Ftot,W/m2,forcing,Simulated,rcp26,MAGICC6
2265,1.86E+00,Ftot,W/m2,forcing,Simulated,rcp26,MAGICC6
2266,1.86E+00,Ftot,W/m2,forcing,Simulated,rcp26,MAGICC6
2267,1.86E+00,Ftot,W/m2,forcing,Simulated,rcp26,MAGICC6
2268,1.86E+00,Ftot,W/m2,forcing,Simulated,rcp26,MAGICC6
2269,1.86E+00,Ftot,W/m2,forcing,Simulated,rcp26,MAGICC6
2270,1.86E+00,Ftot,W/m2,forcing,Simulated,rcp26,MAGICC6
2271,1.86E+00,Ftot,W/m2,forcing,Simulated,rcp26,MAGICC6
2272,1.86E+00,Ftot,W/m2,forcing,Simulated,rcp26,MAGICC6
2273,1.86E+00,Ftot,W/m2,forcing,Simulated,rcp26,MAGICC6
2274,1.86E+00,Ftot,W/m2,forcing,Simulated,rcp26,MAGICC6
2275,1.86E+00,Ftot,W/m2,forcing,Simulated,rcp26,MAGICC6
2276,1.86E+00,Ftot,W/m2,forcing,Simulated,rcp26,MAGICC6
2277,1.86E+00,Ftot,W/m2,forcing,Simulated,rcp26,MAGICC6
2278,1.86E+00,Ftot,W/m2,forcing,Simulated,rcp26,MAGICC6
2279,1.86E+00,Ftot,W/m2,forcing,Simulated,rcp26,MAGICC6
2280,1.86E+00,Ftot,W/m2,forcing,Simulated,rcp26,MAGICC6
2281,1.86E+00,Ftot,W/m2,forcing,Simulated,rcp26,MAGICC6
2282,1.86E+00,Ftot,W/m2,forcing,Simulated,rcp26,MAGICC6
2283,1.86E+00,Ftot,W/m2,forcing,Simulated,rcp26,MAGICC6
2284,1.86E+00,Ftot,W/m2,forcing,Simulated,rcp26,MAGICC6
2285,1.86E+00,Ftot,W/m2,forcing,Simulated,rcp26,MAGICC6
2286,1.86E+00,Ftot,W/m2,forcing,Simulated,rcp26,MAGICC6
2287,1.86E+00,Ftot,W/m2,forcing,Simulated,rcp26,MAGICC6
2288,1.86E+00,Ftot,W/m2,forcing,Simulated,rcp26,MAGICC6
2289,1.86E+00,Ftot,W/m2,forcing,Simulated,rcp26,MAGICC6
2290,1.86E+00,Ftot,W/m2,forcing,Simulated,rcp26,MAGICC6
2291,1.86E+00,Ftot,W/m2,forcing,Simulated,rcp26,MAGICC6
2292,1.86E+00,Ftot,W/m2,forcing,Simulated,rcp26,MAGICC6
2293,1.86E+00,Ftot,W/m2,forcing,Simulated,rcp26,MAGICC6
2294,1.86E+00,Ftot,W/m2,forcing,Simulated,rcp26,MAGICC6
2295,1.86E+00,Ftot,W/m2,forcing,Simulated,rcp26,MAGICC6
2296,1.86E+00,Ftot,W/m2,forcing,Simulated,rcp26,MAGICC6
2297,1.86E+00,Ftot,W/m2,forcing,Simulated,rcp26,MAGICC6
2298,1.86E+00,Ftot,W/m2,forcing,Simulated,rcp26,MAGICC6
2299,1.86E+00,Ftot,W/m2,forcing,Simulated,rcp26,MAGICC6
2300,1.86E+00,Ftot,W/m2,forcing,Simulated,rcp26,MAGICC6
